time,open,high,low,close,Volume
1470175200,1363.37,1366.47,1354.2,1357.55,0
1470261600,1358.01,1365.01,1349.36,1361.15,0
1470348000,1360.5,1364.71,1334.91,1335.5,0
1470607200,1335.45,1338.32,1330.12,1335.15,0
1470693600,1335.29,1342.6,1330.74,1340.25,0
1470780000,1340.37,1357.3,1340.24,1346.05,0
1470866400,1346.8,1353.37,1335.98,1338.15,0
1470952800,1338.67,1356.39,1333.48,1335.49,0
1471212000,1335.74,1343.81,1335.74,1338.85,0
1471298400,1339.55,1358.05,1339.55,1345.65,0
1471384800,1345.5,1351.66,1336.27,1348.35,0
1471471200,1348.26,1356.09,1346.29,1353.8,0
1471557600,1352.09,1352.86,1337.9,1340.9,0
1471816800,1341.2,1341.2,1331.98,1338.65,0
1471903200,1338.74,1344.78,1335.42,1337.05,0
1471989600,1337.97,1340.13,1323.75,1323.75,0
1472076000,1323.97,1327.04,1318.2,1321.45,0
1472162400,1321.35,1342.26,1318.58,1320.59,0
1472421600,1320.94,1325.11,1315.08,1322.65,0
1472508000,1323.52,1325.48,1309.3,1310.45,0
1472594400,1311.61,1316.13,1304.38,1308.76,0
1472680800,1309.49,1315.12,1302.61,1313.05,0
1472767200,1314.24,1330.2,1305.11,1327.2,0
1473026400,1326.78,1352.61,1325.04,1349.75,0
1473199200,1348.42,1352.58,1342.82,1344.25,0
1473285600,1344.78,1349.4,1335.61,1337.45,0
1473372000,1337.37,1339.57,1327.51,1327.51,0
1473631200,1327.84,1330.31,1320.6,1327.15,0
1473717600,1327.85,1332.1,1315.86,1318.05,0
1473804000,1319.18,1326.16,1313.73,1322.55,0
1473890400,1321.67,1328.45,1309.1,1313.95,0
1473976800,1314.66,1318.16,1306.38,1309.85,0
1474236000,1309.87,1318.41,1309.6,1312.84,0
1474322400,1312.79,1317.92,1312.19,1314.45,0
1474408800,1314.56,1337.06,1307.96,1335.15,0
1474495200,1334.69,1343.66,1331.4,1336.55,0
1474581600,1336.56,1340.61,1334,1337.34,0
1474840800,1337.29,1342.12,1332.9,1337.35,0
1474927200,1337.34,1339.51,1324.8,1327.22,0
1475013600,1326.51,1327.58,1318.19,1321.11,0
1475100000,1321.54,1325.83,1316.26,1320.13,0
1475186400,1320.11,1328.06,1313.46,1315.55,0
1475445600,1315.5,1319.62,1309.54,1311.56,0
1475532000,1312.17,1313.02,1267.13,1268.15,0
1475618400,1268.16,1277.16,1262.33,1267.21,0
1475704800,1266.13,1269.41,1250.05,1253.9,0
1475791200,1254.76,1265.4,1241.5,1257.39,0
1476050400,1257.34,1264.93,1256.8,1259.6,0
1476136800,1259.32,1262.19,1252.05,1252.05,0
1476223200,1252.26,1258.9,1249.94,1254.75,0
1476309600,1255.65,1262.31,1253.29,1257.25,0
1476396000,1257.81,1259.56,1246.26,1250,0
1476655200,1250.56,1257.24,1250.53,1254.9,0
1476741600,1254.51,1264.72,1254.51,1262.15,0
1476828000,1262.55,1273.35,1260.5,1268.95,0
1476914400,1269.38,1274.59,1263.1,1263.1,0
1477000800,1265.73,1268.01,1261.36,1265.71,0
1477260000,1265.62,1272,1260.57,1263.96,0
1477346400,1264.34,1276.69,1262.26,1273.45,0
1477432800,1274.01,1276.44,1264.88,1266.55,0
1477519200,1266.53,1272.78,1265.3,1268.05,0
1477605600,1268.06,1284.24,1261.9,1275.53,0
1477864800,1275.48,1279.5,1271.4,1276.75,0
1477951200,1276.86,1291.85,1275.75,1287.75,0
1478037600,1287.86,1307.99,1287.59,1296.8,0
1478124000,1296.93,1306.75,1285.7,1301.45,0
1478210400,1301.86,1307.14,1294.96,1303.7,0
1478473200,1292.95,1295.86,1278.34,1281.3,0
1478559600,1281.2,1290.64,1273.06,1275.4,0
1478646000,1275.29,1337.34,1268.52,1277.75,0
1478732400,1277.7,1292.21,1252.47,1258.6,0
1478818800,1258.5,1265.4,1219.33,1226.98,0
1479078000,1227.1,1231.35,1211.73,1220.9,0
1479164400,1221.2,1231.54,1219.15,1228.42,0
1479250800,1228.46,1233.1,1221.67,1225,0
1479337200,1224.83,1231.45,1211.28,1216.47,0
1479423600,1216.4,1217.8,1203.12,1208.29,0
1479682800,1208.3,1217.62,1205.83,1214,0
1479769200,1214,1221,1206.34,1212.1,0
1479855600,1212.1,1214.99,1181.92,1187.88,0
1479942000,1181.38,1193.23,1171.07,1183.8,0
1480287600,1183.75,1197.6,1183.01,1193.5,0
1480374000,1193.5,1195.09,1181.2,1187.88,0
1480460400,1187.85,1194.95,1170.83,1172.89,0
1480546800,1173.2,1176.69,1160.95,1171.6,0
1480633200,1171.6,1178.16,1166.93,1177.05,0
1480892400,1176.53,1188.1,1157.3,1169.97,0
1480978800,1170.2,1175.3,1166.94,1169.5,0
1481065200,1169.5,1180.22,1165.81,1173.4,0
1481151600,1173.4,1178.68,1169.42,1170.6,0
1481238000,1170.6,1172.01,1156.43,1159.36,0
1481497200,1158.01,1165.81,1151.49,1162.1,0
1481583600,1162.2,1164.99,1154.8,1157.14,0
1481670000,1157.58,1165.36,1139.02,1142.9,0
1481756400,1142.57,1144.41,1122.81,1128.02,0
1481842800,1128.1,1141.25,1126.85,1134.71,0
1482102000,1134.52,1142.32,1133.97,1137.7,0
1482188400,1137.7,1139.76,1125.96,1132.3,0
1482274800,1132.2,1137.1,1129.59,1131.3,0
1482361200,1131.4,1134.08,1127.99,1127.99,0
1482447600,1127.97,1135.84,1127.97,1133.63,0
1482793200,1133.5,1150.96,1131.92,1138.6,0
1482879600,1138.6,1144.47,1136.68,1141.03,0
1482966000,1141.5,1159.54,1141.5,1157.8,0
1483052400,1157.9,1163.21,1149.94,1150.62,0
1483398000,1151.49,1164.5,1146.23,1158.5,0
1483484400,1158.5,1167.9,1156.4,1163.4,0
1483570800,1163.21,1185.04,1163.19,1180.2,0
1483657200,1180.2,1182.92,1171.15,1172.13,0
1483916400,1172.26,1186.19,1172.17,1180.75,0
1484002800,1180.9,1190.61,1180.37,1187.5,0
1484089200,1187.5,1198.3,1177.37,1191.38,0
1484175600,1191.3,1206.94,1190.97,1195.15,0
1484262000,1195.03,1201.14,1188.02,1197.04,0
1484521200,1202.85,1218.9,1202.85,1216.38,0
1484694000,1216.55,1217.75,1202.57,1203.9,0
1484780400,1203.92,1206.47,1196.06,1204.58,0
1484866800,1204.55,1214.9,1198.81,1209.87,0
1485126000,1209.82,1219.45,1209.14,1217.7,0
1485212400,1217.68,1220.12,1206.83,1208.57,0
1485298800,1208.66,1209.78,1193.44,1200.36,0
1485385200,1200.38,1202.62,1184.62,1188.3,0
1485471600,1188.41,1191.59,1180.74,1190.64,0
1485730800,1190.6,1199.41,1188.4,1195.37,0
1485817200,1195.35,1215.32,1193.95,1210.47,0
1485903600,1210.52,1213.23,1198.39,1209.5,0
1485990000,1209.59,1225.28,1208.65,1215.73,0
1486076400,1215.47,1221.36,1207.38,1220.2,0
1486335600,1220.05,1235.67,1218.93,1235.21,0
1486422000,1235.27,1235.78,1227.8,1233.46,0
1486508400,1233.5,1244.71,1230.27,1241.2,0
1486594800,1241.31,1244.46,1228.1,1228.1,0
1486681200,1228.1,1237.16,1221.85,1233.61,0
1486940400,1233.13,1233.58,1219.49,1225,0
1487026800,1225.05,1234.6,1222.08,1228.28,0
1487113200,1228.14,1233.5,1216.8,1233.5,0
1487199600,1233.4,1242.35,1232.33,1238.8,0
1487286000,1239.18,1243.78,1234.16,1234.16,0
1487545200,1237.31,1238.84,1226.32,1235.6,0
1487718000,1235.51,1240.78,1231.42,1237.4,0
1487804400,1237.42,1251.08,1235.91,1249.3,0
1487890800,1249.52,1260.12,1247.99,1256.74,0
1488150000,1256.74,1263.87,1251.07,1252.59,0
1488236400,1252.67,1258.37,1247.82,1248.22,0
1488322800,1248.24,1250.6,1237.11,1249.37,0
1488409200,1249.28,1249.98,1231.1,1234.22,0
1488495600,1234.05,1236.29,1223.1,1234.41,0
1488754800,1234.35,1236.87,1225.08,1225.31,0
1488841200,1225.31,1227.16,1214.37,1215.6,0
1488927600,1215.6,1218.54,1206.82,1208.14,0
1489014000,1208.08,1209.01,1199.41,1201,0
1489100400,1201.01,1206.3,1195.13,1204.14,0
1489356000,1204.14,1211.16,1202.62,1203.65,0
1489442400,1203.67,1207.7,1197.2,1197.2,0
1489528800,1198.65,1222.01,1197.76,1219.05,0
1489615200,1218.98,1233.73,1218.31,1225.88,0
1489701600,1226.1,1231.66,1224.69,1228.6,0
1489960800,1229.31,1235.52,1229.31,1233.2,0
1490047200,1233.97,1247.55,1227.09,1244.05,0
1490133600,1243.98,1251.32,1243.98,1247.95,0
1490220000,1248.77,1253.31,1242.97,1245.05,0
1490306400,1244.84,1251.84,1241.13,1243.13,0
1490565600,1245.13,1261.01,1245.13,1253.95,0
1490652000,1253.64,1258.4,1247.86,1251.15,0
1490738400,1250.74,1254.62,1247.5,1253.21,0
1490824800,1253.52,1253.83,1242.51,1242.85,0
1490911200,1241.92,1250.6,1239.88,1248.78,0
1491170400,1248.91,1253.7,1244.68,1252.95,0
1491256800,1253.35,1261.25,1253.35,1255.65,0
1491343200,1255.96,1257.4,1243.93,1255.25,0
1491429600,1255.58,1258.91,1249.93,1251.85,0
1491516000,1251.64,1270.94,1250.8,1253.5,0
1491775200,1254.07,1257.2,1247.31,1254.48,0
1491861600,1254.95,1275.11,1253.29,1273.95,0
1491948000,1274.77,1286.75,1272.12,1286.15,0
1492034400,1286.1,1288.56,1281.99,1286.86,0
1492380000,1287.47,1295.46,1281.6,1284.45,0
1492466400,1284.49,1292.3,1279.09,1289.35,0
1492552800,1289.6,1290.71,1274.07,1279.55,0
1492639200,1280.32,1283.4,1276.83,1281.3,0
1492725600,1281.58,1288.3,1278.68,1284.03,0
1492984800,1284.23,1284.29,1265.67,1275.55,0
1493071200,1276.02,1278.2,1261.76,1263.8,0
1493157600,1263.99,1270.7,1260.01,1269.1,0
1493244000,1268.51,1269.59,1261.38,1263.85,0
1493330400,1263.83,1268.52,1263.25,1267.91,0
1493589600,1267.66,1271.16,1254.34,1256.05,0
1493676000,1255.93,1257.73,1252.16,1256.25,0
1493762400,1256.55,1256.92,1236.1,1237.8,0
1493848800,1237.74,1241.26,1225.85,1227.2,0
1493935200,1228.13,1235.58,1226.26,1228.04,0
1494194400,1228.4,1236.51,1221.39,1225.95,0
1494280800,1226.06,1228.59,1214.4,1220.65,0
1494367200,1221.75,1225.63,1217.79,1218.55,0
1494453600,1218.85,1227.73,1217.17,1224.35,0
1494540000,1224.8,1231.74,1224.63,1227.93,0
1494799200,1228.22,1237.31,1227.15,1229.75,0
1494885600,1230.68,1239.1,1230.56,1236.55,0
1494972000,1237,1261.3,1236.74,1260.85,0
1495058400,1260.98,1265.01,1245.4,1245.4,0
1495144800,1246.85,1256.5,1246.52,1255,0
1495404000,1255.23,1262.56,1251.97,1260.25,0
1495490400,1260.25,1263.76,1250.65,1250.65,0
1495576800,1251.08,1258.93,1248.08,1258.05,0
1495663200,1258.23,1259.63,1254.01,1255.25,0
1495749600,1255.29,1269.5,1253.3,1266.85,0
1496008800,1267.08,1270.45,1259.56,1262.75,0
1496181600,1262.87,1274.09,1259.76,1268.55,0
1496268000,1268.93,1270.31,1261.68,1265.15,0
1496354400,1265.55,1279.5,1259.24,1278.77,0
1496613600,1278.82,1283.4,1277.97,1279.05,0
1496700000,1279.58,1296.06,1279.58,1294.12,0
1496786400,1294.25,1294.91,1282.87,1287,0
1496872800,1286.78,1288.91,1271.5,1278.1,0
1496959200,1281.59,1281.59,1264.8,1265.9,0
1497218400,1266.45,1270.37,1263.78,1265.65,0
1497304800,1265.32,1269,1259.32,1266.25,0
1497391200,1266.14,1281.16,1257.36,1260.6,0
1497477600,1260.49,1266.72,1251.6,1253.75,0
1497564000,1253.84,1257.14,1252.02,1253.1,0
1497823200,1253.66,1255.66,1243.24,1243.35,0
1497909600,1243.65,1248.1,1241.48,1242.65,0
1497996000,1242.6,1247.82,1241.03,1246.05,0
1498082400,1245.31,1254.82,1245.31,1250.1,0
1498168800,1249.84,1258.9,1249.84,1256.4,0
1498428000,1256.6,1258.11,1236.37,1244.05,0
1498514400,1243.99,1253.1,1241.53,1246.55,0
1498600800,1246.66,1254.88,1246.52,1248.75,0
1498687200,1249.19,1253.19,1239.97,1245.35,0
1498773600,1244.87,1248.24,1239.38,1241.33,0
1499032800,1241.28,1242.71,1218.36,1219.35,0
1499119200,1223.86,1228.82,1217.63,1226.75,0
1499292000,1226.75,1229.37,1222.7,1224.65,0
1499378400,1224.89,1228.5,1207.51,1212.49,0
1499637600,1212.84,1215.58,1205.02,1213.75,0
1499724000,1214.15,1217.6,1208.38,1217.4,0
1499810400,1216.7,1225.77,1213.66,1219.75,0
1499896800,1219.31,1224.42,1216.73,1216.9,0
1499983200,1216.93,1232.9,1215,1228.55,0
1500242400,1228.52,1236.1,1228.46,1233.75,0
1500328800,1233.89,1244.54,1233.01,1242.15,0
1500415200,1242.37,1244.02,1236.08,1240.85,0
1500501600,1240.85,1247.6,1235.46,1244.15,0
1500588000,1244.32,1255.9,1243.56,1254.91,0
1500847200,1254.91,1258.79,1252.11,1254.95,0
1500933600,1255.11,1257.89,1249.28,1249.45,0
1501020000,1250.08,1263.51,1243.95,1260.35,0
1501106400,1260.43,1265.27,1254.7,1258.85,0
1501192800,1259.1,1270.82,1257.59,1268.7,0
1501452000,1269.38,1271.17,1265.96,1268.95,0
1501538400,1269.13,1274.11,1262.73,1268.65,0
1501624800,1268.53,1272.81,1263.06,1266.05,0
1501711200,1266.59,1270.83,1257.13,1267.95,0
1501797600,1268.39,1270.16,1254.38,1258.4,0
1502056800,1258.55,1259.89,1255.96,1257.35,0
1502143200,1257.05,1265.2,1251.7,1260.75,0
1502229600,1260.44,1278.7,1260.44,1277.25,0
1502316000,1276.95,1287.8,1274.85,1286.05,0
1502402400,1286.43,1292.07,1281.44,1288.77,0
1502661600,1288.72,1290.42,1278.8,1281.35,0
1502748000,1281.35,1282.07,1267.46,1271.15,0
1502834400,1271.09,1283.84,1267.97,1282.85,0
1502920800,1283.95,1290.12,1281.62,1287.65,0
1503007200,1288.01,1300.83,1283.58,1283.58,0
1503266400,1284.23,1293.85,1280.76,1290.95,0
1503352800,1291.28,1292.54,1282.19,1284.75,0
1503439200,1284.74,1291.5,1282.96,1290.25,0
1503525600,1290.3,1291.2,1284.63,1285.65,0
1503612000,1286.1,1294.58,1275.34,1291.24,0
1503871200,1291.12,1312.07,1291.12,1309.75,0
1503957600,1314.73,1325.99,1305.24,1309.05,0
1504044000,1309.05,1313.7,1305.33,1308.35,0
1504130400,1308.68,1323.63,1298.33,1320.65,0
1504216800,1321.48,1328.82,1316.59,1324.65,0
1504476000,1334.25,1344.33,1326.36,1339.45,0
1504648800,1339.39,1342.44,1331.84,1333.85,0
1504735200,1334.28,1349.88,1332.76,1348.75,0
1504821600,1348.8,1357.5,1342.94,1346.08,0
1505080800,1346.26,1346.61,1326.58,1327.15,0
1505167200,1327.42,1332.1,1322.81,1331.45,0
1505253600,1332.12,1334.75,1321.04,1322.35,0
1505340000,1323.37,1330.81,1315.87,1329.17,0
1505426400,1329.25,1334.34,1319.7,1319.7,0
1505685600,1319.98,1320.26,1304.83,1305.95,0
1505772000,1306.66,1311.67,1305.33,1310.66,0
1505858400,1310.82,1316.1,1296.21,1300.85,0
1505944800,1301.07,1301.71,1288.28,1290.75,0
1506031200,1290.72,1298.7,1290.72,1297.1,0
1506290400,1297.08,1312.1,1289.58,1310.75,0
1506376800,1310.3,1313.62,1292.46,1293.35,0
1506463200,1293.85,1296.21,1281.68,1282.42,0
1506549600,1282.05,1288.77,1277.91,1286.78,0
1506636000,1286.98,1290.33,1275.99,1279.72,0
1506895200,1279.67,1280.13,1269.84,1270.47,0
1506981600,1270.59,1274.7,1268.51,1272.1,0
1507068000,1271.42,1282.3,1270.77,1274.35,0
1507154400,1274.65,1278.96,1266.44,1267.65,0
1507240800,1267.95,1276.49,1260.8,1276.21,0
1507500000,1276.23,1285.44,1275.47,1283.33,0
1507586400,1284.05,1294.19,1282.32,1287.55,0
1507672800,1288.04,1293.52,1284.75,1291.55,0
1507759200,1292.05,1297.45,1289.83,1293.25,0
1507845600,1293.37,1304.4,1291.3,1304.4,0
1508104800,1304.35,1306.04,1290.61,1294.75,0
1508191200,1294.92,1296.24,1281.54,1284.85,0
1508277600,1284.76,1288.85,1277.16,1280.55,0
1508364000,1280.73,1290.5,1276.78,1289.45,0
1508450400,1289.9,1291.06,1278.14,1280.04,0
1508709600,1279.99,1283.25,1272.71,1281.95,0
1508796000,1282.08,1283.64,1273.88,1276.05,0
1508882400,1276.55,1280,1271.18,1277.15,0
1508968800,1277.19,1282.52,1265.87,1266.45,0
1509055200,1266.86,1274.03,1263.76,1272.81,0
1509314400,1272.76,1278.9,1269.11,1275.78,0
1509400800,1275.9,1278.14,1267.86,1270.65,0
1509487200,1270.66,1280.9,1268.16,1273.99,0
1509573600,1274.45,1284.2,1273.49,1275.59,0
1509660000,1276.65,1280.45,1265.67,1269.47,0
1509922800,1269.42,1282.92,1266.26,1281.54,0
1510009200,1281.58,1281.85,1272.03,1275.2,0
1510095600,1275.3,1287.21,1275.3,1281.2,0
1510182000,1280.9,1288.7,1280.13,1284.9,0
1510268400,1284.9,1287.05,1273.58,1275.12,0
1510527600,1275.39,1279.74,1274.466,1278.04,0
1510614000,1277.85,1283.6,1270.088,1280.2,0
1510700400,1280.3,1289.538,1276.856,1277.71,0
1510786800,1277.9,1281.763,1275.279,1278.4,0
1510873200,1278.5,1297.1,1278.476,1293.64,0
1511132400,1293.58,1294.773,1274.712,1276.41,0
1511218800,1276.6,1284.714,1276.408,1280.3,0
1511305200,1280.18,1294.658,1279.253,1291.8,0
1511391600,1290.93,1293.203,1285.823,1287.3,0
1511737200,1288.41,1299.3,1286.922,1294.5,0
1511823600,1294.5,1297.403,1290.788,1293.52,0
1511910000,1293.65,1296.7,1282.176,1283.5,0
1511996400,1283.41,1285.267,1270.537,1274.56,0
1512082800,1274.55,1289.291,1271.789,1280.05,0
1512342000,1280.01,1280.18,1271.173,1275.9,0
1512428400,1275.59,1277.023,1261.13,1265.9,0
1512514800,1265.7,1269.3,1262.728,1263.2,0
1512601200,1263.2,1264.58,1244.11,1246.84,0
1512687600,1246.54,1252.366,1243.542,1248.09,0
1512946800,1248.03,1251.522,1240.863,1241.8,0
1513033200,1241.64,1246.186,1236.66,1244.12,0
1513119600,1244.3,1257.1,1240.391,1255.15,0
1513206000,1255.4,1259.05,1250.64,1252.7,0
1513292400,1252.7,1261.805,1252.7,1254.81,0
1513551600,1254.87,1263.967,1252.914,1261.72,0
1513638000,1262.1,1265.3,1259.38,1261.44,0
1513724400,1261.5,1268,1261.5,1265.24,0
1513810800,1265.1,1269,1262.954,1266.44,0
1513897200,1266.5,1276.4,1265.153,1274.52,0
1514242800,1274.52,1283.8,1273.59,1282.65,0
1514329200,1282.53,1288.979,1281.52,1287.2,0
1514415600,1287.01,1295.186,1287,1294.9,0
1514502000,1294.9,1307.552,1294.022,1302.67,0
1514847600,1302.56,1318.896,1302.56,1317.3,0
1514934000,1317.3,1321.467,1307.633,1312.83,0
1515020400,1312.7,1325.96,1306.054,1322.1,0
1515106800,1322.15,1323.389,1313.854,1319.04,0
1515366000,1318.93,1322.126,1314.973,1320.3,0
1515452400,1320.3,1320.5,1309.02,1312.36,0
1515538800,1312.55,1327.725,1308.378,1316.48,0
1515625200,1316.52,1323.95,1315.881,1322.11,0
1515711600,1322.4,1339.346,1321.738,1337.48,0
1515970800,1340.34,1342.247,1332.062,1338.3,0
1516143600,1338.07,1344,1326.7,1326.7,0
1516230000,1326.56,1333.101,1324.392,1326.6,0
1516316400,1326.6,1338.039,1326.59,1331.03,0
1516575600,1331.46,1335.8,1328.613,1333.9,0
1516662000,1333.9,1341.8,1331.52,1341.3,0
1516748400,1341.3,1362.064,1339.689,1358.3,0
1516834800,1358.08,1366.056,1342.64,1348,0
1516921200,1348,1357.116,1344.812,1349.27,0
1517180400,1349.19,1352.367,1337.763,1339.94,0
1517266800,1340.4,1348.907,1334.611,1338.35,0
1517353200,1338.4,1347.6,1332.877,1344.57,0
1517439600,1344.629,1351.1,1337.423,1348.35,0
1517526000,1348.55,1350.049,1327.592,1332.5,0
1517785200,1332.5,1341.595,1329.171,1339.25,0
1517871600,1339.4,1346.1,1320.378,1324.15,0
1517958000,1323.859,1332.296,1311.572,1318.26,0
1518044400,1318.119,1322.151,1307.248,1318.8,0
1518130800,1318.65,1322.7,1311.29,1315.71,0
1518390000,1315.71,1327.055,1314.394,1322.6,0
1518476400,1322.65,1330.991,1321.79,1329.45,0
1518562800,1329.4,1355.68,1318.164,1350.42,0
1518649200,1350.22,1357.12,1348.713,1353.2,0
1518735600,1353.4,1361.716,1344.943,1346.78,0
1518994800,1346.63,1348.2,1328.635,1328.75,0
1519167600,1329.1,1336.21,1322.544,1324.4,0
1519254000,1324.288,1332.046,1321.114,1332,0
1519340400,1331.729,1332.2,1325.964,1328.37,0
1519599600,1328.38,1341.042,1326.772,1333.15,0
1519686000,1333.1,1336.699,1313.565,1318.2,0
1519772400,1318.4,1322.6,1315.791,1318.2,0
1519858800,1317.859,1321.11,1302.97,1316.9,0
1519945200,1316.9,1325.5,1315.37,1322.3,0
1520204400,1322.3,1327.8,1317.631,1319.75,0
1520290800,1320,1338.5,1320,1334.2,0
1520377200,1334.4,1340.5,1322.378,1325.4,0
1520463600,1325.3,1329,1319.184,1321.699,0
1520550000,1321.6,1325.129,1312.951,1322.91,0
1520805600,1322.91,1324.246,1315.234,1323,0
1520892000,1322.728,1328.296,1314.07,1326.2,0
1520978400,1325.8,1330.01,1321.594,1324.7,0
1521064800,1324.418,1327.91,1315.06,1316.2,0
1521151200,1316.15,1321.726,1309.804,1313.8,0
1521410400,1313.62,1319.64,1307.87,1316.7,0
1521496800,1316.24,1318.246,1307.32,1311.1,0
1521583200,1310.949,1336.659,1309.973,1331.7,0
1521669600,1331.38,1334.889,1324.957,1328.6,0
1521756000,1328.88,1350.218,1328.88,1346.92,0
1522015200,1346.99,1355.92,1343.604,1353.5,0
1522101600,1353.12,1356.83,1339.96,1344.9,0
1522188000,1345.25,1347,1323.602,1324.8,0
1522274400,1324.6,1328.316,1321.37,1325.05,0
1522620000,1325.06,1344.9,1324.97,1341.3,0
1522706400,1340.38,1342.491,1329.02,1332.3,0
1522792800,1332.7,1348.4,1331.61,1333,0
1522879200,1332.86,1334.89,1322.88,1326.2,0
1522965600,1326.14,1335.5,1319.829,1333.41,0
1523224800,1333.11,1337.949,1327.032,1336.2,0
1523311200,1336.05,1342.6,1331.23,1339.4,0
1523397600,1339,1365.243,1339,1352.9,0
1523484000,1352.65,1353.159,1333.934,1334.4,0
1523570400,1334.6,1347.2,1333.417,1345.75,0
1523829600,1345.25,1350.7,1340.348,1345.6,0
1523916000,1346,1349.384,1337.833,1347.1,0
1524002400,1347.31,1355.9,1342.464,1349.1,0
1524088800,1349.16,1354.8,1341.1,1345.5,0
1524175200,1345.586,1346.286,1335.115,1335.52,0
1524434400,1335.22,1335.89,1322.288,1324.5,0
1524520800,1324.35,1332.65,1322.249,1330.2,0
1524607200,1329.38,1332.056,1318.92,1323.1,0
1524693600,1322.78,1326.6,1315.422,1316.9,0
1524780000,1316.7,1325.2,1315.472,1323.09,0
1525039200,1323.29,1326.43,1310.348,1315.5,0
1525125600,1314.84,1316.336,1301.88,1303.7,0
1525212000,1303.5,1313.5,1303.5,1304.9,0
1525298400,1304.576,1318.1,1304.576,1312,0
1525384800,1311.72,1315.411,1308.081,1314.77,0
1525644000,1314.88,1318.943,1310.388,1314,0
1525730400,1313.52,1317.81,1306.212,1314.4,0
1525816800,1314.55,1317.44,1304.45,1312.4,0
1525903200,1312.31,1322.84,1310.951,1321.2,0
1525989600,1321.15,1325.916,1317.435,1318.85,0
1526248800,1317.98,1322.311,1313.13,1313.3,0
1526335200,1313.19,1314.856,1288.85,1290.2,0
1526421600,1289.82,1296.92,1286.53,1290.7,0
1526508000,1290.16,1294.4,1285.334,1290.7,0
1526594400,1290.59,1294.3,1286.2,1292.97,0
1526853600,1292.91,1293.2,1282.274,1292.4,0
1526940000,1292.42,1296.136,1288.11,1291.2,0
1527026400,1291.03,1298.495,1288.061,1293.3,0
1527112800,1293.43,1306.7,1292.9,1304.5,0
1527199200,1304.01,1307.77,1300.05,1301.81,0
1527458400,1297.659,1306.608,1292.838,1298.7,0
1527631200,1298.21,1304.338,1296.024,1301.2,0
1527717600,1301.186,1306.8,1297.67,1297.9,0
1527804000,1298.596,1300.527,1289.458,1292.95,0
1528063200,1293.04,1298.09,1290.37,1292,0
1528149600,1292.04,1300.6,1289.958,1296.3,0
1528236000,1296.156,1301.94,1293.96,1296.4,0
1528322400,1296.334,1303.3,1295.04,1297.1,0
1528408800,1296.754,1300.6,1293.179,1297.72,0
1528668000,1298.82,1302.35,1294.27,1300.4,0
1528754400,1300.15,1300.6,1293.19,1295.6,0
1528840800,1295.58,1301.196,1291.682,1299.6,0
1528927200,1299.11,1309.3,1297.71,1302.4,0
1529013600,1302.12,1303.13,1275.599,1278.45,0
1529272800,1279.46,1282.44,1277.19,1278.1,0
1529359200,1277.99,1284.1,1270.548,1274.5,0
1529445600,1274.7,1276.5,1267.8,1267.8,0
1529532000,1267.35,1270.2,1261.52,1267.1,0
1529618400,1266.51,1271.21,1266.51,1269.28,0
1529877600,1269.2,1272.56,1264.649,1265.4,0
1529964000,1265.496,1267.7,1254.903,1258.8,0
1530050400,1258.5,1260.1,1250.89,1252.16,0
1530136800,1251.73,1254.5,1246.03,1248,0
1530223200,1247.83,1255.606,1246.11,1252.4,0
1530482400,1252.52,1254.21,1239.74,1241.7,0
1530568800,1241.73,1256.89,1238,1252.8,0
1530655200,1256.526,1259.8,1251.4,1257.6,0
1530828000,1257.05,1258.956,1252.98,1254.63,0
1531087200,1254.72,1265.9,1254.72,1257.6,0
1531173600,1257.39,1260.31,1247.519,1255.5,0
1531260000,1255.55,1256.876,1241.71,1241.9,0
1531346400,1241.67,1248.7,1241.49,1247.2,0
1531432800,1247.1,1248.1,1236.518,1241.27,0
1531692000,1241.35,1245.6,1238.45,1240.8,0
1531778400,1240.55,1245.01,1226.21,1227.6,0
1531864800,1226.7,1229.15,1221.25,1227.6,0
1531951200,1227.15,1229.49,1211.65,1222.7,0
1532037600,1222.7,1232.4,1215.82,1231.51,0
1532296800,1231.54,1235.11,1222.36,1224.4,0
1532383200,1224.145,1229.5,1218.3,1224.5,0
1532469600,1224.06,1234.182,1223.38,1231.4,0
1532556000,1231.706,1235.24,1222.4,1222.4,0
1532642400,1222.73,1227.4,1217.68,1223.78,0
1532901600,1222.78,1225.1,1219.14,1221.3,0
1532988000,1221.32,1228.584,1214.13,1223.7,0
1533074400,1223.57,1224.85,1215.8,1215.8,0
1533160800,1215.87,1221.268,1207.23,1207.5,0
1533247200,1207.35,1220.2,1204.588,1214.4,0
1533506400,1213.29,1217.89,1206.465,1207.3,0
1533592800,1207.188,1216.2,1207.188,1210.8,0
1533679200,1210.69,1215.86,1206.39,1213.8,0
1533765600,1213.91,1217.31,1210.932,1212.3,0
1533852000,1212.4,1217.2,1205.87,1210.23,0
1534111200,1211.22,1213.87,1191.8,1193.38,0
1534197600,1193.91,1198.8,1192.11,1194.2,0
1534284000,1193.95,1194.71,1173.23,1174.7,0
1534370400,1175.05,1182,1160.37,1174.2,0
1534456800,1173.48,1186.32,1172.01,1186.32,0
1534716000,1184.52,1190.87,1182.94,1190.2,0
1534802400,1190.32,1197,1187.79,1195.8,0
1534888800,1195.7,1201.58,1192.71,1195.5,0
1534975200,1195.75,1196.62,1184,1185.4,0
1535061600,1185,1208.61,1183.28,1204.91,0
1535320800,1205.76,1212.5,1203.2,1211.2,0
1535407200,1211.1,1214.3,1199.75,1200.8,0
1535493600,1200.18,1207.4,1200.18,1206.8,0
1535580000,1206.4,1207.9,1196.45,1199.8,0
1535666400,1200.33,1209,1198.39,1201.47,0
1535925600,1201.45,1202.03,1189.76,1190.7,0
1536098400,1191.3,1198.41,1190.95,1196.8,0
1536184800,1196.4,1207,1195.92,1199.92,0
1536271200,1199.98,1203.53,1193.57,1196.47,0
1536530400,1195.63,1198.7,1191.65,1195.6,0
1536616800,1194.96,1199.43,1187.83,1198.4,0
1536703200,1198.24,1208.5,1192.82,1206,0
1536789600,1206.58,1212.64,1200.328,1201.3,0
1536876000,1201.4,1208.7,1193.05,1193.6,0
1537135200,1193.56,1204.9,1192.97,1200.5,0
1537221600,1201.246,1203.54,1195.98,1197.9,0
1537308000,1197.9,1206.2,1197.86,1204,0
1537394400,1203.75,1208.4,1201.47,1207.3,0
1537480800,1207.106,1211.05,1191.978,1199.66,0
1537740000,1199.22,1204.2,1194.54,1198.7,0
1537826400,1198.5,1203.5,1197.2,1201.3,0
1537912800,1200.79,1202.47,1190.66,1194.2,0
1537999200,1194.55,1198.63,1181.97,1183.1,0
1538085600,1183.1,1193.9,1180.86,1190.4,0
1538344800,1191.26,1192.41,1184.71,1188.9,0
1538431200,1188.55,1208.5,1188.55,1202.8,0
1538517600,1202.7,1208.278,1196.76,1197.1,0
1538604000,1197.28,1206.9,1196.11,1199.8,0
1538690400,1199.81,1206,1197.38,1203.29,0
1538949600,1202.61,1204.08,1183.05,1188.1,0
1539036000,1188.75,1191.89,1183.41,1189.3,0
1539122400,1189.426,1195,1185.47,1194.3,0
1539208800,1194.25,1226.4,1191.42,1224.3,0
1539295200,1224.3,1224.3,1215.99,1216.6,0
1539554400,1217.5,1233.3,1217.05,1226.8,0
1539640800,1226.76,1232.4,1223.57,1224.5,0
1539727200,1224.56,1229.6,1220.77,1222.1,0
1539813600,1222,1230.14,1218.78,1225.3,0
1539900000,1225.29,1230.8,1223.248,1225.6,0
1540159200,1226.4,1229.57,1220.21,1221.9,0
1540245600,1221.696,1239.9,1221.696,1230.7,0
1540332000,1230.245,1234.3,1225.76,1233.6,0
1540418400,1233.765,1239.19,1228.25,1232.1,0
1540504800,1231.66,1243.428,1230.19,1233.08,0
1540764000,1233.76,1235.42,1224.4,1229.8,0
1540850400,1229.54,1230.59,1220.01,1222.7,0
1540936800,1222.6,1223.27,1212.08,1215,0
1541023200,1214.55,1237.6,1214.55,1233.3,0
1541109600,1233.8,1236.43,1229.88,1232.53,0
1541372400,1232.66,1235.11,1226.96,1231.27,0
1541458800,1231.3,1235.94,1223.61,1226.62,0
1541545200,1226.88,1236.6,1223.16,1226.3,0
1541631600,1226.145,1227.17,1220.24,1223.78,0
1541718000,1223.8,1223.8,1206.8,1209.584,0
1541977200,1209.635,1211.48,1200.1,1200.1,0
1542063600,1200.1,1205.2,1196.464,1202.1,0
1542150000,1202,1216.6,1197.817,1210.65,0
1542236400,1210.64,1216.47,1207.92,1213.13,0
1542322800,1212.975,1225.4,1212.975,1221.136,0
1542582000,1220.8,1225.4,1218.15,1223.94,0
1542668400,1223.735,1228.74,1220.09,1221.3,0
1542754800,1221.39,1230.3,1219.9,1225.77,0
1542841200,1226.65,1228.56,1220.25,1222.85,0
1543186800,1222.85,1228.036,1221.86,1222.18,0
1543273200,1222.16,1225.26,1212.01,1214.8,0
1543359600,1214.8,1227.4,1211.31,1220.87,0
1543446000,1220.905,1229,1220.66,1224.1,0
1543532400,1223.885,1225.58,1216.8,1222.136,0
1543791600,1222.02,1234.9,1221.44,1230.45,0
1543878000,1230.5,1242,1230.5,1238.23,0
1543964400,1238.23,1239.3,1233.484,1236.97,0
1544050800,1236.97,1244.4,1234.884,1237.4,0
1544137200,1237.405,1250.06,1237.4,1248.165,0
1544396400,1248.17,1250.88,1241.77,1244.19,0
1544482800,1244.135,1249.516,1241.2,1243.03,0
1544569200,1242.97,1247.2,1242.183,1245.25,0
1544655600,1245.265,1246.73,1240.26,1241.54,0
1544742000,1241.8,1243.04,1233.065,1238.125,0
1545001200,1238.58,1248.1,1235.86,1245.56,0
1545087600,1245.555,1250.35,1245.2,1249.3,0
1545174000,1249.095,1258.1,1241.81,1242.59,0
1545260400,1242.77,1266.7,1242.77,1259.7,0
1545346800,1259.544,1262.73,1254.08,1255.744,0
1545606000,1255.52,1270.5,1255.52,1269.02,0
1545778800,1270.3,1279.1,1264.44,1266.8,0
1545865200,1266.8,1278.96,1266.8,1275.5,0
1545951600,1275.395,1282.12,1274.39,1280.764,0
1546210800,1280.2,1284.07,1277.6,1282.2,0
1546383600,1282.25,1288.7,1278.87,1284.17,0
1546470000,1284.3,1294.9,1284.3,1294.1,0
1546556400,1293.93,1298.538,1276.5,1284.844,0
1546815600,1284.843,1295.2,1282.76,1288.9,0
1546902000,1288.895,1290.22,1279.52,1285.1,0
1546988400,1284.91,1293.91,1280.243,1293.21,0
1547074800,1293.4,1297.06,1286.26,1286.4,0
1547161200,1286.4,1295.15,1286.4,1287.224,0
1547420400,1287.3,1295.87,1287.3,1291.32,0
1547506800,1291.358,1294.69,1286.89,1289.1,0
1547593200,1289.134,1295,1288,1293.5,0
1547679600,1293.335,1295.36,1288.89,1291.674,0
1547766000,1291.6,1292.5,1280.76,1281.424,0
1548025200,1279.8,1285.52,1277.58,1284.91,0
1548198000,1284.91,1286.53,1278.81,1282.5,0
1548284400,1282.5,1284.82,1276.94,1280.87,0
1548370800,1280.854,1303.976,1280.07,1302.91,0
1548630000,1303,1304.41,1297.852,1303.2,0
1548716400,1303.064,1311.99,1302.884,1311.41,0
1548802800,1311.345,1323.38,1309.16,1319.7,0
1548889200,1319.8,1326.3,1317.5,1321.2,0
1548975600,1321.04,1323.57,1316.23,1317.265,0
1549234800,1317.394,1319.04,1308.74,1312.1,0
1549321200,1312.1,1316.9,1310.9,1314.982,0
1549407600,1314.73,1315.82,1306.11,1306.3,0
1549494000,1306.24,1311.96,1302.91,1309.73,0
1549580400,1310,1315.63,1307.92,1314.203,0
1549839600,1314.12,1315,1303.84,1308,0
1549926000,1307.87,1314.76,1306.65,1310.45,0
1550012400,1310.5,1318.17,1305.16,1306,0
1550098800,1305.99,1314.4,1302.45,1312.11,0
1550185200,1312.194,1322.62,1311.54,1321.12,0
1550444400,1325.98,1341.86,1323,1340.8,0
1550617200,1340.8,1346.75,1337,1338.1,0
1550703600,1338.1,1341.52,1321.302,1323.4,0
1550790000,1323.4,1333.13,1321.697,1327.885,0
1551049200,1327.894,1332.6,1325.24,1327.16,0
1551135600,1327.235,1330.16,1323.68,1328.9,0
1551222000,1328.9,1329.88,1317.08,1319.7,0
1551308400,1319.55,1327.4,1312.74,1313,0
1551394800,1312.854,1315.23,1290.28,1293.055,0
1551654000,1293.18,1297.05,1282.97,1286.5,0
1551740400,1286.424,1289.61,1281.35,1287.8,0
1551826800,1287.8,1290.92,1283.74,1285.29,0
1551913200,1286.3,1289.01,1281.01,1285.125,0
1551999600,1285.4,1300.8,1285.37,1298.054,0
1552255200,1298.18,1299.13,1290.64,1293.2,0
1552341600,1293.3,1302.24,1292.18,1301.4,0
1552428000,1301.1,1311.3,1300.73,1308.8,0
1552514400,1309.12,1310.35,1292.93,1295.4,0
1552600800,1295.87,1306.38,1294.14,1301.96,0
1552860000,1300.9,1306.73,1298.34,1303.4,0
1552946400,1303.59,1310.91,1302.48,1306.2,0
1553032800,1306.14,1316.98,1298.8,1312.3,0
1553119200,1312.55,1320.41,1303.41,1309.3,0
1553205600,1309.28,1314.97,1306.97,1313.16,0
1553464800,1312.8,1324.52,1311.13,1321.7,0
1553551200,1321.45,1323.27,1312.85,1315.4,0
1553637600,1315.67,1319.3,1308.27,1309.5,0
1553724000,1309.34,1312.35,1288.67,1290,0
1553810400,1289.9,1299.82,1286.87,1291.91,0
1554069600,1292.4,1297.03,1286.55,1287.6,0
1554156000,1287.65,1292.7,1285.37,1292.3,0
1554242400,1292.24,1294.6,1288.53,1289.9,0
1554328800,1289.83,1294.5,1281.03,1292.1,0
1554415200,1292.27,1293.7,1284.566,1291.3,0
1554674400,1289.7,1303.7,1289.7,1297.3,0
1554760800,1297.43,1306.2,1296.73,1304,0
1554847200,1303.98,1310.6,1301.13,1308.2,0
1554933600,1308.122,1309.23,1289.76,1292,0
1555020000,1292.2,1295.8,1290.19,1290.52,0
1555279200,1290.65,1291.98,1282.66,1287.8,0
1555365600,1287.53,1288.74,1273.07,1276.5,0
1555452000,1276.65,1279.79,1273.1,1273.1,0
1555538400,1273.22,1277.68,1271.2,1275.51,0
1555884000,1275.49,1279.84,1273.95,1274.8,0
1555970400,1275.01,1276.51,1266.42,1272.3,0
1556056800,1272.33,1278.9,1268.92,1275.4,0
1556143200,1275.38,1282.9,1273.52,1277,0
1556229600,1276.976,1288.7,1274.47,1285.8,0
1556488800,1285.73,1287.04,1278.21,1279.7,0
1556575200,1279.77,1286.22,1279.77,1283.35,0
1556661600,1283.24,1287.26,1273.09,1276.8,0
1556748000,1276.856,1278.02,1266.39,1270.5,0
1556834400,1270.56,1282.56,1268.6,1278.9,0
1557093600,1278.71,1285.81,1277.15,1281,0
1557180000,1280.95,1286.1,1278.31,1284.1,0
1557266400,1284.07,1291.6,1279.47,1280.8,0
1557352800,1280.74,1288.4,1279.74,1284,0
1557439200,1283.96,1289.5,1283.27,1285.6,0
1557698400,1285.62,1301.4,1282.12,1299.7,0
1557784800,1299.77,1303.4,1293.85,1297.1,0
1557871200,1296.56,1300.9,1293.19,1296.3,0
1557957600,1296.83,1298.76,1284.22,1286.9,0
1558044000,1286.76,1288.93,1275,1277.1,0
1558303200,1277.58,1279.03,1273.78,1277.5,0
1558389600,1277.7,1277.95,1269.64,1274.3,0
1558476000,1274.51,1277.5,1272.63,1273.2,0
1558562400,1273.01,1287.3,1272.91,1283.2,0
1558648800,1283.25,1285.27,1280.88,1284.59,0
1558908000,1285.08,1286.59,1276.29,1279.2,0
1559080800,1279.42,1285.8,1279.21,1279.8,0
1559167200,1279.94,1289.3,1275.14,1288.3,0
1559253600,1288.33,1306.94,1288.13,1305.2,0
1559512800,1305.27,1328,1305.27,1324.72,0
1559599200,1324.72,1329.08,1320.11,1324.8,0
1559685600,1325.13,1344.08,1324.64,1329.7,0
1559772000,1330.88,1339.82,1327.3,1335.2,0
1559858400,1335.23,1348.207,1330.4,1340.3,0
1560117600,1340.61,1340.61,1325.23,1327.7,0
1560204000,1327.856,1329.87,1320.03,1326.69,0
1560290400,1326.71,1338.37,1326.184,1333.84,0
1560376800,1333.27,1343.15,1332.55,1341.96,0
1560463200,1342.3,1358.3,1337.97,1341.29,0
1560722400,1341.09,1343.59,1333.14,1339.776,0
1560808800,1339.67,1354.64,1338.78,1346.6,0
1560895200,1346.36,1362.54,1341.48,1360.24,0
1560981600,1360.386,1393.928,1357.8,1387.435,0
1561068000,1387.22,1411.83,1382.65,1398.6,0
1561327200,1398.8,1421.38,1398.8,1419.1,0
1561413600,1419.724,1439.14,1412.11,1423.594,0
1561500000,1423.61,1424.436,1402.085,1409.39,0
1561586400,1409.38,1412.12,1398.78,1409.71,0
1561672800,1409.82,1424.636,1405.86,1409.1,0
1561932000,1409.51,1409.51,1381.91,1383.77,0
1562018400,1383.83,1421.624,1383.1,1421.624,0
1562104800,1421.66,1437.7,1412.18,1418.75,0
1562191200,1415.583,1424.2,1386.752,1399.5,0
1562536800,1398.68,1407.65,1391.93,1395.08,0
1562623200,1394.97,1400.025,1385.91,1397.276,0
1562709600,1397.12,1418.97,1390.06,1418.46,0
1562796000,1418.656,1427.16,1401.03,1404.236,0
1562882400,1404.04,1417.1,1403.27,1415.3,0
1563141600,1415.16,1419.75,1407.86,1414.385,0
1563228000,1414.49,1418.23,1400.97,1406.156,0
1563314400,1406.16,1426.78,1400.2,1426.356,0
1563400800,1426.556,1448.2,1414.7,1446.936,0
1563487200,1446.9,1452.95,1420.35,1425.38,0
1563746400,1425.12,1430.02,1422.37,1425.238,0
1563832800,1424.66,1430.23,1414.34,1417.846,0
1563919200,1417.846,1429.52,1416.52,1425.81,0
1564005600,1425.43,1433.798,1411.17,1414.13,0
1564092000,1414.31,1424.84,1413.58,1418.2,0
1564351200,1418.15,1428.13,1414.97,1426.6,0
1564437600,1426.485,1433.216,1422.43,1431.08,0
1564524000,1430.89,1434.35,1410.8,1412.3,0
1564610400,1412.765,1446.01,1400.654,1445.2,0
1564696800,1445.165,1449.3,1430.45,1440.59,0
1564956000,1440.65,1469.77,1436.93,1463,0
1565042400,1468.347,1474.92,1456.57,1474.17,0
1565128800,1474.322,1510.43,1472.41,1500.336,0
1565215200,1500.1,1509.6,1490.2,1505.512,0
1565301600,1504.632,1509.4,1494.957,1497.18,0
1565560800,1497.18,1520,1487.56,1510.982,0
1565647200,1510.916,1535.03,1480,1501.936,0
1565733600,1501.916,1524.1,1494.2,1516.596,0
1565820000,1516.597,1527.06,1508.04,1523.046,0
1565906400,1523.31,1528,1503.87,1513.26,0
1566165600,1513.26,1513.26,1493.39,1496.085,0
1566252000,1495.944,1508.7,1493.181,1507.858,0
1566338400,1507.53,1508.06,1496.65,1502.324,0
1566424800,1502.348,1504.58,1492.63,1498.836,0
1566511200,1498.358,1530.222,1493.66,1526.74,0
1566770400,1526.74,1555.33,1525.15,1527.205,0
1566856800,1527.265,1544.68,1525.83,1541.945,0
1566943200,1542.048,1546.9,1532.1,1539.625,0
1567029600,1539.377,1550.38,1519.875,1527.748,0
1567116000,1527.748,1533.15,1517.15,1520.34,0
1567375200,1529.335,1549.73,1521.818,1546.79,0
1567548000,1546.855,1557.1,1534.01,1551.957,0
1567634400,1552.01,1553.03,1506.54,1518.8,0
1567720800,1517.201,1527.9,1502.74,1506.616,0
1567980000,1507.21,1515.6,1497.76,1499,0
1568066400,1498.842,1501.02,1484.63,1485.698,0
1568152800,1485.62,1498.24,1485.39,1497.288,0
1568239200,1497.288,1524.24,1489.39,1498.708,0
1568325600,1498.748,1509.04,1485.91,1488.58,0
1568584800,1488.75,1512.14,1488.75,1498.62,0
1568671200,1498.604,1507.08,1493.62,1501.32,0
1568757600,1501.16,1511.57,1483.36,1494.088,0
1568844000,1493.885,1504.6,1489.125,1499.168,0
1568930400,1499.078,1517.05,1498.09,1516.777,0
1569189600,1516.23,1526.83,1511.69,1522.076,0
1569276000,1522.09,1535.69,1515.77,1532.012,0
1569362400,1531.375,1535.14,1500.55,1503.868,0
1569448800,1503.868,1512.4,1500.59,1504.67,0
1569535200,1504.4,1507.42,1487.098,1496.78,0
1569794400,1496.78,1500.53,1464.645,1472.16,0
1569880800,1472.204,1487.3,1459.23,1479.1,0
1569967200,1478.745,1505.1,1474.67,1499.52,0
1570053600,1499.478,1519.7,1495.978,1505.476,0
1570140000,1505.478,1515.658,1495.978,1504.65,0
1570399200,1504.65,1512.512,1488.2,1493.218,0
1570485600,1493.415,1509.739,1487.12,1505.624,0
1570572000,1505.618,1512.4,1500.03,1505.362,0
1570658400,1505.382,1517.008,1491.29,1493.692,0
1570744800,1493.885,1503.3,1474.2,1488.67,0
1571004000,1488.67,1497.15,1483.04,1493.33,0
1571090400,1493.098,1498.46,1477.35,1480.858,0
1571176800,1481.038,1491.8,1477.2,1490.1,0
1571263200,1490.219,1497.4,1483.59,1491.756,0
1571349600,1491.718,1494.09,1485.05,1490.115,0
1571608800,1489.92,1495.208,1481.72,1484.688,0
1571695200,1484.738,1489,1480.98,1487.688,0
1571781600,1487.804,1496.268,1487.804,1491.632,0
1571868000,1491.76,1504.1,1488.155,1503.576,0
1571954400,1503.476,1517.948,1500.7,1504.398,0
1572213600,1504.45,1508.188,1490.18,1492.298,0
1572300000,1492.338,1494.758,1483.75,1488.015,0
1572386400,1487.888,1496.598,1481.365,1495.598,0
1572472800,1495.638,1514.3,1493.97,1512.564,0
1572559200,1512.724,1516.05,1503.465,1514.017,0
1572822000,1513.73,1514.788,1504.55,1509.6,0
1572908400,1509.6,1509.638,1479.55,1483.3,0
1572994800,1483.4,1494.3,1482.56,1490.4,0
1573081200,1490.4,1492.165,1460.799,1468.3,0
1573167600,1468.3,1472.948,1456.419,1458.796,0
1573426800,1458.9,1466.418,1448.4,1455.6,0
1573513200,1455.6,1460.5,1445.817,1456.3,0
1573599600,1456.3,1467.1,1455.918,1463.5,0
1573686000,1463.5,1474.6,1461.298,1471.12,0
1573772400,1471.3,1471.34,1462.605,1467.918,0
1574031600,1467.56,1473.95,1456.525,1471.2,0
1574118000,1471.2,1475.4,1464.965,1472.3,0
1574204400,1472.3,1478.8,1466.132,1471.5,0
1574290800,1471.5,1475.65,1462.53,1464.225,0
1574377200,1464.1,1473.2,1461.49,1461.903,0
1574636400,1461.88,1462.108,1454.212,1455.2,0
1574722800,1455.2,1462.9,1450.192,1461.2,0
1574809200,1461.2,1461.864,1452.74,1454.3,0
1574895600,1455.378,1466.528,1453.192,1463.6,0
1575241200,1464.02,1465.53,1454,1462.2,0
1575327600,1462.3,1481.738,1460.005,1477.3,0
1575414000,1477.3,1484.1,1471.62,1474.4,0
1575500400,1474.4,1480.34,1473.081,1475.8,0
1575586800,1475.8,1479.9,1458.85,1460.028,0
1575846000,1459.82,1465.357,1458.9,1461.438,0
1575932400,1461.5,1469.145,1460.2,1464.188,0
1576018800,1464.3,1478.86,1462.915,1474.5,0
1576105200,1474.6,1487,1464.172,1469.6,0
1576191600,1469.6,1478,1462.112,1475.668,0
1576450800,1475.54,1479.9,1473.33,1475.958,0
1576537200,1476,1480.5,1474.35,1476.118,0
1576623600,1475.9,1479.256,1470.632,1475.2,0
1576710000,1475.3,1481.668,1473.39,1478.6,0
1576796400,1478.7,1480.928,1476,1477.968,0
1577055600,1477.79,1486.2,1477.63,1485.54,0
1577142000,1485.9,1500.5,1484.574,1499.3,0
1577314800,1499.468,1512.6,1497.642,1511.3,0
1577401200,1511.3,1515.277,1507.533,1510.81,0
1577660400,1510.81,1516.1,1510.81,1514.9,0
1577746800,1514.9,1525.28,1514.9,1517.177,0
1577919600,1517.7,1531.335,1517.2,1528.9,0
1578006000,1528.9,1553.515,1528.15,1552.108,0
1578265200,1551.8,1587.93,1551.8,1565.4,0
1578351600,1565.4,1577.4,1555.3,1574.11,0
1578438000,1574.3,1611.335,1552.39,1556.1,0
1578524400,1556.1,1561.4,1540.422,1552.2,0
1578610800,1552.2,1563.088,1545.89,1562.077,0
1578870000,1561.99,1561.99,1546.659,1547.5,0
1578956400,1547.5,1548.87,1536.11,1546.3,0
1579042800,1546.3,1558.148,1546.21,1556.128,0
1579129200,1556,1558.09,1548.157,1552.3,0
1579215600,1552.4,1561.23,1549.529,1557.168,0
1579474800,1560.791,1568.6,1546.47,1557.9,0
1579647600,1557.9,1559.22,1550.359,1558.6,0
1579734000,1558.6,1567.897,1552.052,1562.788,0
1579820400,1562.7,1575.805,1556.685,1571.448,0
1580079600,1571.28,1588.7,1571.28,1581.8,0
1580166000,1581.8,1583.007,1565.785,1567,0
1580252400,1567.04,1578.1,1563.555,1576.9,0
1580338800,1577,1585.937,1572.473,1573.9,0
1580425200,1573.9,1590.17,1570.9,1589.687,0
1580684400,1593.065,1593.9,1569.982,1576.677,0
1580770800,1576.5,1579.567,1549.235,1552.796,0
1580857200,1552.8,1562.368,1547.674,1555.91,0
1580943600,1555.9,1568.214,1552.665,1566.6,0
1581030000,1566.6,1574.1,1560.7,1570.137,0
1581289200,1570.08,1576.981,1568.13,1571.9,0
1581375600,1571.9,1574.1,1562.24,1567.8,0
1581462000,1567.3,1570.42,1561.91,1565.8,0
1581548400,1565.8,1578.3,1565.6,1575.91,0
1581634800,1575.5,1584.948,1573.23,1583.597,0
1581894000,1584.374,1605.16,1582.615,1601.397,0
1582066800,1601.4,1612.93,1599.65,1611.347,0
1582153200,1611.5,1623.74,1604.058,1619.5,0
1582239600,1619.3,1649.262,1619.11,1643.147,0
1582498800,1643,1689.296,1643,1659.156,0
1582585200,1659.2,1663.91,1625.262,1634.83,0
1582671600,1634.5,1655.1,1625.085,1640.7,0
1582758000,1640.5,1660.368,1635.452,1644.687,0
1582844400,1644.6,1649.456,1563.12,1585.634,0
1583103600,1585.4,1610.988,1575.632,1588.6,0
1583190000,1588.6,1649.33,1585.3,1640.6,0
1583276400,1640.5,1652.81,1632.03,1636.637,0
1583362800,1636.5,1674.6,1635.205,1671.837,0
1583449200,1672,1692.2,1642.4,1673.527,0
1583704800,1673.3,1703.6,1657.74,1679.808,0
1583791200,1679.207,1680.6,1641.729,1649.205,0
1583877600,1649.456,1671.4,1633.15,1633.818,0
1583964000,1633.815,1650.364,1560.899,1576,0
1584050400,1579.157,1597.907,1505.032,1529.708,0
1584309600,1562.157,1575.48,1451.414,1514.2,0
1584396000,1511.528,1554,1465.93,1527.728,0
1584482400,1527.728,1546.27,1472.99,1486.1,0
1584568800,1485.918,1501.2,1464.372,1470.9,0
1584655200,1469.208,1516.5,1455.4,1498.7,0
1584914400,1498.47,1561.3,1482.93,1554.238,0
1585000800,1554.297,1635.3,1553.552,1622.22,0
1585087200,1623.71,1643.1,1597.2,1613.778,0
1585173600,1613.548,1645.5,1594.7,1629.2,0
1585260000,1631.668,1635.5,1609.9,1626.148,0
1585519200,1637.377,1637.487,1610.1,1622.5,0
1585605600,1621.935,1626.55,1573.8,1575.007,0
1585692000,1574.737,1601.7,1567.8,1588.428,0
1585778400,1588.638,1620.8,1582.2,1612.817,0
1585864800,1612.847,1626.8,1606,1616.4,0
1586124000,1616.4,1669.84,1609.11,1660.7,0
1586210400,1662.3,1678.6,1641.2,1646.08,0
1586296800,1645.99,1657.5,1640.8,1644,0
1586383200,1644,1690.33,1643,1681.8,0
1586728800,1663,1724.2,1663,1712.45,0
1586815200,1712.45,1747.742,1707.1,1728.8,0
1586901600,1727.986,1732.6,1707.5,1716.06,0
1586988000,1716.98,1739.3,1706.5,1716.969,0
1587074400,1716.558,1720.6,1678.8,1681.631,0
1587333600,1683.2,1702.724,1672.02,1694.56,0
1587420000,1694.304,1698.1,1658.1,1686.295,0
1587506400,1686.218,1718.7,1678.6,1713.6,0
1587592800,1712.74,1739.1,1706.2,1729.5,0
1587679200,1730.028,1736.31,1710.62,1727.4,0
1587938400,1727.53,1728.6,1706.37,1710.9,0
1588024800,1713.408,1716.52,1692.31,1707.19,0
1588111200,1707.68,1717.95,1698.16,1710.2,0
1588197600,1711.598,1721.94,1681.36,1685.125,0
1588284000,1685.855,1705.87,1670.43,1698.215,0
1588543200,1685.1,1714.75,1685.1,1701.7,0
1588629600,1700.968,1712.17,1690.02,1704.575,0
1588716000,1704.596,1708.2,1682.264,1685.5,0
1588802400,1681.488,1722.69,1681.488,1715.15,0
1588888800,1715.078,1723.54,1700.43,1700.6,0
1589148000,1702.2,1712.094,1692.255,1695.77,0
1589234400,1696.184,1711.03,1693.6,1701.81,0
1589320800,1701.809,1718.116,1699.08,1715.21,0
1589407200,1715.21,1736.57,1711.3,1730.86,0
1589493600,1730.89,1751.718,1728.835,1741,0
1589752800,1741.5,1765.3,1727.5,1730.23,0
1589839200,1730.448,1747.921,1726.124,1744.7,0
1589925600,1744.75,1754.07,1742.6,1747.155,0
1590012000,1747.254,1748.95,1717.1,1726.24,0
1590098400,1726.27,1740.11,1724.41,1734.3,0
1590357600,1728.64,1735.73,1709.042,1710.2,0
1590530400,1709.924,1715.991,1693.923,1709,0
1590616800,1711.8,1727.71,1705.85,1717.9,0
1590703200,1719.47,1737.773,1712.6,1729.326,0
1590962400,1731.2,1744.58,1727.503,1739.2,0
1591048800,1738.608,1745.59,1721.6,1724.798,0
1591135200,1724.799,1732.08,1689.12,1698.716,0
1591221600,1698.676,1722.01,1696.93,1713.6,0
1591308000,1713.104,1716.54,1670.88,1681.6,0
1591567200,1681.6,1700.69,1677.7,1697.268,0
1591653600,1697.045,1720.92,1692.41,1712.788,0
1591740000,1712.888,1739.9,1708.3,1737.356,0
1591826400,1737.278,1744.77,1721.69,1727.96,0
1591912800,1728.17,1743.13,1722.3,1729.649,0
1592172000,1731.56,1735.75,1704.3,1724.558,0
1592258400,1724.575,1732.86,1716.82,1725.796,0
1592344800,1725.95,1730.24,1713.064,1724.23,0
1592431200,1725.656,1737.728,1717.43,1721.696,0
1592517600,1721.696,1745.3,1721.1,1743.126,0
1592776800,1741.9,1763.53,1741.9,1754.006,0
1592863200,1754.006,1771.06,1747.45,1767.408,0
1592949600,1767.408,1779.38,1760.208,1760.208,0
1593036000,1760.188,1768.89,1754.802,1763.378,0
1593122400,1763.566,1772.09,1747.562,1770.454,0
1593381600,1770.68,1775.96,1765.82,1771.43,0
1593468000,1771,1786.02,1764.8,1781.858,0
1593554400,1781.93,1789.15,1759.48,1769.515,0
1593640800,1769.004,1779.62,1757.87,1775.266,0
1593727200,1784.5,1787.12,1756,1782.839,0
1594072800,1783.118,1797.53,1773.884,1794.795,0
1594159200,1794.755,1818.14,1791.64,1808.575,0
1594245600,1808.594,1815.92,1795.822,1803.1,0
1594332000,1801.436,1810.661,1793.89,1798.84,0
1594591200,1798.3,1813.44,1798.23,1802.628,0
1594677600,1802.766,1810.99,1790.6,1808.206,0
1594764000,1808.206,1815.06,1802.65,1808,0
1594850400,1809.918,1813.42,1795.08,1796.734,0
1594936800,1796.754,1811.93,1796,1808.9,0
1595196000,1808.9,1820.521,1805.96,1817.568,0
1595282400,1817.58,1843.59,1815.89,1840.9,0
1595368800,1840.6,1872.18,1837.7,1872.094,0
1595455200,1872.094,1898.35,1863.805,1886.394,0
1595541600,1886.505,1906.88,1881.7,1900.6,0
1595800800,1900.6,1945.63,1900.23,1941.61,0
1595887200,1941.61,1981.2,1907.2,1957.73,0
1595973600,1958.43,1980.835,1941.66,1970.358,0
1596060000,1970.358,1971.544,1939.56,1955.904,0
1596146400,1955.934,1984.218,1955.19,1974.9,0
1596405600,1974.9,1987.948,1960.6,1976.344,0
1596492000,1976.34,2020.17,1967.016,2018.1,0
1596578400,2018.98,2055.713,2009.69,2038.204,0
1596664800,2038.253,2069.77,2034.7,2063.564,0
1596751200,2063.468,2075.135,2015.6,2034.9,0
1597010400,2034.9,2049.9,2019.2,2027.448,0
1597096800,2027.416,2029.984,1901.775,1911.444,0
1597183200,1911.424,1949.548,1863.266,1915.525,0
1597269600,1918.23,1966.264,1912.9,1952.578,0
1597356000,1952.634,1962.27,1932.38,1943.61,0
1597615200,1944.32,1990.69,1929.88,1985,0
1597701600,1984.284,2015.654,1976.29,2001.928,0
1597788000,2002.074,2006.504,1924.9,1928.82,0
1597874400,1929.013,1955.324,1924.826,1946.925,0
1597960800,1946.835,1955.95,1911.7,1939.647,0
1598220000,1939.2,1962.18,1923.95,1928.794,0
1598306400,1928.718,1937.52,1914.493,1930.184,0
1598392800,1930.008,1954.8,1902.91,1954.688,0
1598479200,1954.594,1976.65,1910.233,1929.2,0
1598565600,1929.531,1973.824,1923.31,1964.5,0
1598824800,1964.31,1976.62,1954.5,1967.244,0
1598911200,1967.054,1992.63,1963.14,1969.164,0
1598997600,1969.258,1973.33,1932.79,1942.405,0
1599084000,1942.77,1951.03,1922.14,1930.3,0
1599170400,1931.269,1950.4,1916.535,1932.8,0
1599429600,1929.314,1940.86,1906.8,1931.919,0
1599602400,1932.017,1950.88,1920.21,1946.246,0
1599688800,1946.324,1966.53,1941.485,1944.748,0
1599775200,1945.31,1954.72,1937.39,1939.4,0
1600034400,1939.4,1962.54,1937.379,1956.748,0
1600120800,1956.728,1972.16,1948.47,1952.948,0
1600207200,1952.944,1973.594,1950,1959.004,0
1600293600,1958.938,1960.914,1932.91,1943.954,0
1600380000,1943.808,1960.14,1943.808,1950.3,0
1600639200,1949.55,1955.92,1882.582,1912.327,0
1600725600,1912.357,1920.02,1894.8,1899.744,0
1600812000,1899.678,1905.88,1855.92,1862.757,0
1600898400,1863.043,1877.03,1848.84,1867.307,0
1600984800,1867.514,1875.17,1852.54,1860,0
1601244000,1860,1883.03,1848.662,1880.908,0
1601330400,1880.895,1899.13,1875.7,1898.188,0
1601416800,1898.098,1902.32,1881.36,1885.328,0
1601503200,1885.325,1912.14,1884.82,1905.128,0
1601589600,1905.264,1917.1,1889.91,1898.7,0
1601848800,1898.7,1918.754,1887.176,1912.668,0
1601935200,1912.99,1921.14,1874.9,1878.465,0
1602021600,1878.465,1898,1873.05,1887.044,0
1602108000,1887.144,1900.69,1882.05,1893.678,0
1602194400,1893.61,1930.42,1893.61,1929.4,0
1602453600,1929.4,1933.28,1918.25,1922.614,0
1602540000,1922.613,1925.6,1886.608,1891.318,0
1602626400,1891.345,1912.97,1882.6,1901.638,0
1602712800,1901.62,1909.06,1889.74,1908.394,0
1602799200,1908.414,1913.925,1897.84,1898.594,0
1603058400,1898.4,1918.61,1897.216,1903.548,0
1603144800,1903.705,1914.11,1894.75,1908.028,0
1603231200,1908.079,1931.42,1908.079,1924,0
1603317600,1923.734,1926.05,1894.55,1903.654,0
1603404000,1903.638,1914.24,1894.44,1901.174,0
1603663200,1906.6,1908.63,1891.54,1901.454,0
1603749600,1901.658,1911.43,1898,1907.915,0
1603836000,1907.925,1910.9,1869.54,1876.56,0
1603922400,1876.407,1885.03,1860,1867.36,0
1604008800,1867.38,1889.8,1864.49,1877.9,0
1604271600,1877.9,1896.001,1873.6,1894.185,0
1604358000,1894.888,1910.58,1887.19,1908.828,0
1604444400,1908.5,1916.374,1882.21,1902.288,0
1604530800,1903.2,1952.77,1902.54,1949.238,0
1604617200,1948.3,1960.33,1935.729,1950.984,0
1604876400,1963,1965.55,1850.62,1862.078,0
1604962800,1860.6,1890.41,1860.59,1877.14,0
1605049200,1876.4,1884.45,1856.475,1865.225,0
1605135600,1864.7,1883.805,1862.88,1876.588,0
1605222000,1876.1,1896.81,1874.1,1888.825,0
1605481200,1889.4,1899.05,1864.71,1888.194,0
1605567600,1887.7,1893.6,1877.01,1879.245,0
1605654000,1878.5,1884.85,1864.01,1872.16,0
1605740400,1871.8,1874.07,1852.86,1865.355,0
1605826800,1865.808,1879.89,1861.01,1870.318,0
1606086000,1869.1,1876.16,1831.1,1836.855,0
1606172400,1836.85,1839.05,1800.4,1806.794,0
1606258800,1807.2,1817.69,1801.864,1807.2,0
1606345200,1810.795,1813.775,1774.35,1787.5,0
1606690800,1786.61,1800.7,1764.73,1776.7,0
1606777200,1776,1817.38,1775.9,1814.788,0
1606863600,1813.8,1832.57,1807.59,1829.9,0
1606950000,1829.9,1843.93,1823.83,1840.295,0
1607036400,1840.7,1848.21,1829.32,1838.208,0
1607295600,1838.5,1868.535,1822.5,1862.3,0
1607382000,1860.9,1875.28,1860.4,1869.45,0
1607468400,1870.1,1870.96,1825.51,1838.89,0
1607554800,1838.8,1850.02,1828.8,1836.378,0
1607641200,1835.94,1847.75,1824.138,1838.998,0
1607900400,1837.5,1855.6,1819.162,1827.33,0
1607986800,1826.9,1855.41,1825.66,1852.26,0
1608073200,1852.775,1865.71,1844.97,1863.56,0
1608159600,1864.2,1896.29,1862.2,1884.72,0
1608246000,1884.6,1889.87,1877.57,1880.838,0
1608505200,1881.4,1906.74,1855.344,1876.435,0
1608591600,1876.5,1884.238,1858.98,1860.2,0
1608678000,1859.9,1878.5,1857.23,1872.69,0
1608764400,1871.3,1883.495,1869.69,1878.97,0
1609110000,1879.19,1900.185,1869.47,1873.22,0
1609196400,1873.1,1886.49,1871.88,1878.078,0
1609282800,1877.9,1894.1,1876.3,1894.1,0
1609369200,1894.1,1900.99,1885.6,1897.9,0
1609714800,1898.07,1944.45,1898.07,1942.07,0
1609801200,1942.07,1953.06,1934.5,1949.75,0
1609887600,1949.6,1959.33,1901.006,1918.05,0
1609974000,1918.3,1927.69,1906.79,1913.19,0
1610060400,1913.5,1917.473,1828.415,1848.445,0
1610319600,1847.8,1856.73,1817.125,1842.9,0
1610406000,1842.9,1863.86,1836.83,1854.4,0
1610492400,1854,1863.055,1842.01,1844.78,0
1610578800,1844.9,1857.62,1829.248,1845.51,0
1610665200,1845.3,1857,1823.41,1827.635,0
1610924400,1837.588,1845.57,1833.2,1839.9,0
1611097200,1839.8,1871.79,1832.61,1871.344,0
1611183600,1870.5,1875.11,1858.5,1869.235,0
1611270000,1868.6,1870.85,1837.5,1854.8,0
1611529200,1854.8,1867.895,1847.275,1855.5,0
1611615600,1854.9,1861.76,1848.57,1850.207,0
1611702000,1850.665,1853.15,1831.52,1841.37,0
1611788400,1843.9,1864.11,1834.175,1841.91,0
1611874800,1841.9,1875.61,1839.7,1846.715,0
1612134000,1846.69,1871.81,1846.69,1860.4,0
1612220400,1859,1864.13,1829.69,1837.265,0
1612306800,1837.9,1845,1829.831,1833.6,0
1612393200,1832.8,1834.77,1785.129,1793.96,0
1612479600,1793,1815.115,1792.26,1812.98,0
1612738800,1812.98,1839.11,1807.95,1830.3,0
1612825200,1830.3,1848.57,1829,1838.16,0
1612911600,1837.9,1855.38,1834.2,1842.495,0
1612998000,1842.7,1847.54,1821.29,1825.1,0
1613084400,1825.2,1830.76,1810.66,1823.13,0
1613343600,1817.46,1826.46,1789.62,1794.546,0
1613516400,1794.89,1795.16,1769.65,1776.22,0
1613602800,1775.8,1789.63,1768.586,1775.186,0
1613689200,1775.4,1791.59,1760.822,1783.346,0
1613948400,1783.89,1812.64,1780.88,1808.986,0
1614034800,1809,1816.04,1795.77,1805.3,0
1614121200,1804.6,1813.91,1783.55,1804.586,0
1614207600,1803.97,1805.57,1765.53,1769.994,0
1614294000,1768.9,1775.81,1717.344,1732.526,0
1614553200,1734.29,1759.846,1719.66,1724.6,0
1614639600,1724.6,1738.589,1707.4,1737.736,0
1614726000,1737,1740.54,1702.134,1710.8,0
1614812400,1709.3,1723.22,1690.63,1697.138,0
1614898800,1697.1,1707.669,1687.464,1698.636,0
1615158000,1700.7,1714.23,1676.91,1683.335,0
1615244400,1683.5,1720.604,1680.3,1715.36,0
1615330800,1715.36,1726.53,1708.35,1726.416,0
1615417200,1726.3,1739.86,1719.4,1722.188,0
1615503600,1722.1,1728.04,1699.39,1726.958,0
1615759200,1726.76,1734.57,1721.72,1731.469,0
1615845600,1731.586,1741.147,1726.326,1731.276,0
1615932000,1731.4,1751.63,1724.17,1744.48,0
1616018400,1744.48,1755.5,1719.4,1735.67,0
1616104800,1735.126,1746.87,1728.694,1744.858,0
1616364000,1748.6,1748.6,1727.4,1738.686,0
1616450400,1738.749,1742.54,1724.8,1726.428,0
1616536800,1727.129,1738.47,1724.005,1734.3,0
1616623200,1733.05,1745.49,1721.86,1726.829,0
1616709600,1726.728,1736.75,1721.71,1730.9,0
1616968800,1732.1,1733.12,1705.86,1712,0
1617055200,1711.71,1714.39,1678.61,1684.83,0
1617141600,1684.95,1715.28,1678.01,1707.47,0
1617228000,1707.52,1730.52,1705.92,1728.33,0
1617573600,1734.82,1734.82,1721.39,1727.795,0
1617660000,1727.879,1745.44,1727.36,1742.76,0
1617746400,1742.79,1744.296,1730.8,1737.6,0
1617832800,1737.51,1758.66,1733.3,1755.41,0
1617919200,1755.289,1757.306,1731.15,1744.2,0
1618178400,1744.2,1745.082,1727.49,1731.9,0
1618264800,1732.296,1748.928,1723.86,1745.408,0
1618351200,1745.336,1749.41,1732.68,1736.029,0
1618437600,1736.106,1769.8,1734.45,1763.474,0
1618524000,1763.455,1783.85,1759.84,1775.85,0
1618783200,1775.85,1790.05,1766.83,1770.15,0
1618869600,1769.845,1780.426,1763.74,1778.56,0
1618956000,1778.418,1797.63,1776.38,1794,0
1619042400,1794,1797.83,1777.51,1783.559,0
1619128800,1783.118,1795.94,1770.09,1777.1,0
1619388000,1776.87,1783.5,1768.88,1780.879,0
1619474400,1780.827,1785.56,1773.85,1776.186,0
1619560800,1776.518,1782.55,1762.75,1781.606,0
1619647200,1781.46,1789.95,1756.24,1771.8,0
1619733600,1772.267,1773.71,1764.31,1768.76,0
1619992800,1768.76,1798.34,1766.29,1792.438,0
1620079200,1792.588,1799.14,1771,1778.397,0
1620165600,1778.66,1787.99,1770.45,1786.4,0
1620252000,1786.486,1818.12,1782.1,1814.368,0
1620338400,1814.558,1843.31,1812.966,1831.12,0
1620597600,1831.12,1845.438,1830.09,1835.3,0
1620684000,1835.258,1841.82,1818.11,1837.045,0
1620770400,1837.11,1843.68,1813.35,1815.307,0
1620856800,1815.48,1828.81,1808.84,1826.186,0
1620943200,1825.934,1846.09,1819.923,1842.1,0
1621202400,1822.6,1868.5,1822.6,1866.378,0
1621288800,1866.358,1875.04,1863.32,1869.325,0
1621375200,1869.375,1890.11,1852.32,1869.497,0
1621461600,1869.537,1883.88,1864,1877.54,0
1621548000,1877.324,1889.42,1870.3,1880.3,0
1621807200,1881.18,1887.11,1875.34,1880,0
1621893600,1879.715,1900.35,1872.8,1898.358,0
1621980000,1898.754,1912.74,1890.45,1895.7,0
1622066400,1896.19,1903.69,1888.29,1896.76,0
1622152800,1896.794,1905.872,1882.36,1902.6,0
1622412000,1907.417,1916.53,1892.5,1900.27,0
1622584800,1898.957,1909.09,1894.52,1908.01,0
1622671200,1908.01,1909.69,1865.32,1870.754,0
1622757600,1870.753,1896.2,1856.146,1889.9,0
1623016800,1891.33,1900.15,1881.65,1898.745,0
1623103200,1898.51,1903.76,1883.9,1891.8,0
1623189600,1891.43,1898.917,1887.37,1888.4,0
1623276000,1888.534,1899.86,1869.95,1898.3,0
1623362400,1898.53,1902.99,1874.5,1876.6,0
1623621600,1877.2,1877.89,1844.8,1866.034,0
1623708000,1865.81,1869.18,1851.74,1859,0
1623794400,1859.098,1863.17,1803.68,1811.6,0
1623880800,1811.57,1825.262,1767.34,1772.57,0
1623967200,1773.29,1797.21,1761.038,1763.3,0
1624226400,1764.12,1786.52,1764.12,1782.748,0
1624312800,1782.53,1790.09,1772.48,1777.98,0
1624399200,1778.04,1795.02,1773.39,1777.75,0
1624485600,1778.058,1788.01,1772.95,1775.224,0
1624572000,1775.224,1790.37,1773.8,1780.3,0
1624831200,1780.94,1785.755,1770.87,1778.05,0
1624917600,1778.05,1778.96,1750.78,1760.92,0
1625004000,1761.31,1774.37,1753.48,1769.97,0
1625090400,1769.406,1783.01,1765.78,1776.12,0
1625176800,1776.084,1795.13,1774.43,1787.3,0
1625436000,1791.139,1815.05,1790.17,1796.308,0
1625608800,1795.81,1809.81,1794.05,1803.687,0
1625695200,1803.648,1818.4,1794.45,1802.148,0
1625781600,1802.075,1812.4,1796.76,1807.9,0
1626040800,1808.19,1810.87,1791.68,1805.75,0
1626127200,1805.75,1817.17,1798.75,1807.908,0
1626213600,1807.45,1829.86,1804.68,1826.91,0
1626300000,1826.91,1834.14,1820.41,1829,0
1626386400,1828.68,1832.04,1807.8,1810.8,0
1626645600,1810.998,1817.36,1794,1812,0
1626732000,1812.354,1825.02,1805.18,1809.81,0
1626818400,1809.31,1813.73,1794.81,1803.16,0
1626904800,1803.17,1808.39,1792.87,1806.708,0
1626991200,1806.958,1810.37,1789.8,1801.3,0
1627250400,1802.05,1811.53,1796.44,1796.99,0
1627336800,1797.106,1805.3,1793.7,1798.38,0
1627423200,1798.33,1809.83,1792.68,1806.51,0
1627509600,1806.15,1832.68,1806.15,1827.51,0
1627596000,1827.92,1831.37,1810.39,1814.15,0
1627855200,1814.15,1819.53,1805.9,1812.826,0
1627941600,1812.84,1815.03,1807.23,1810.22,0
1628028000,1810.26,1831.72,1806.568,1811.3,0
1628114400,1810.996,1814.91,1797.94,1803.62,0
1628200800,1804.42,1804.85,1758.79,1762.6,0
1628460000,1762.62,1764.61,1681.95,1729.633,0
1628546400,1729.69,1738.28,1717.89,1728.836,0
1628632800,1729.13,1754.44,1724.19,1750.015,0
1628719200,1750.94,1758.14,1741.72,1752.278,0
1628805600,1752.66,1780.25,1751.8,1779.218,0
1629064800,1779.39,1789.28,1770.97,1787.368,0
1629151200,1787.28,1795.58,1780.69,1785.88,0
1629237600,1786.018,1793.81,1777.36,1787.528,0
1629324000,1787.586,1792.46,1774.59,1779.823,0
1629410400,1779.893,1788.43,1778.47,1780.66,0
1629669600,1791.8,1806.44,1776.6,1805.138,0
1629756000,1805.124,1809.6,1800.86,1802.7,0
1629842400,1802,1803.15,1782.65,1790.134,0
1629928800,1790.68,1798.21,1780.16,1792.38,0
1630015200,1792.07,1819.27,1784.58,1816.52,0
1630274400,1816.86,1823.2,1807.85,1809.448,0
1630360800,1809.2,1819.21,1801.77,1813.296,0
1630447200,1813.295,1820.03,1808.77,1813.264,0
1630533600,1813.71,1817.13,1804.95,1808.645,0
1630620000,1808.16,1834.01,1808.16,1826.1,0
1630879200,1823.058,1827.33,1792.4,1794.01,0
1631052000,1794.15,1802.16,1782.531,1788.6,0
1631138400,1788.11,1801.03,1783.95,1794.35,0
1631224800,1793.798,1803.91,1787.28,1787.52,0
1631484000,1788.2,1798.53,1783.9,1793.046,0
1631570400,1793.074,1808.74,1780.9,1804.1,0
1631656800,1803.93,1806.89,1790.83,1794,0
1631743200,1794.146,1796.2,1745.44,1753.523,0
1631829600,1753.523,1767.48,1747.5,1753.4,0
1632088800,1754.03,1767.14,1742.29,1764,0
1632175200,1764.51,1781.73,1758.07,1773.828,0
1632261600,1773.9,1787.24,1764.8,1768.25,0
1632348000,1768.308,1776.543,1737.99,1742.84,0
1632434400,1742.839,1757.608,1740.55,1749.976,0
1632693600,1750.18,1760.83,1744.95,1749.86,0
1632780000,1749.83,1754.44,1728.2,1733.798,0
1632866400,1734.006,1745.6,1721.71,1725.766,0
1632952800,1725.716,1764.18,1722.36,1756.388,0
1633039200,1756.495,1764.29,1749.809,1760.65,0
1633298400,1759.5,1770.55,1747.8,1769.65,0
1633384800,1769.806,1770.046,1748.73,1759.495,0
1633471200,1759.675,1765.11,1746,1762.565,0
1633557600,1762.69,1766.96,1752.09,1756.276,0
1633644000,1756.256,1781.3,1753.49,1756.63,0
1633903200,1755.6,1760.97,1750.25,1753.409,0
1633989600,1753.45,1769.32,1750.9,1759.686,0
1634076000,1759.975,1796.12,1758.06,1792.568,0
1634162400,1792.61,1800.5,1786.8,1795.29,0
1634248800,1795.767,1796.47,1764.97,1766.453,0
1634508000,1766.5,1772.11,1760.4,1764.5,0
1634594400,1763.908,1785.11,1763,1769.568,0
1634680800,1768.579,1788.41,1766.998,1781.39,0
1634767200,1781.49,1789.5,1776.6,1782.248,0
1634853600,1782.375,1813.94,1782.375,1792.28,0
1635112800,1791.52,1810.03,1791.52,1807.43,0
1635199200,1807.198,1808.33,1782.5,1792.706,0
1635285600,1792.895,1799.12,1783.58,1796.06,0
1635372000,1796.06,1810.43,1792.42,1799.118,0
1635458400,1798.986,1801.11,1772.07,1782.763,0
1635717600,1779.8,1795.82,1779.23,1793.113,0
1635804000,1793.113,1796.42,1786.5,1787.863,0
1635890400,1787.75,1788.235,1758.93,1768.734,0
1635976800,1768.799,1798.95,1768.799,1790.63,0
1636063200,1790.308,1818.275,1785.3,1816.7,0
1636326000,1816.7,1826.435,1812.54,1823.6,0
1636412400,1823.88,1832.675,1819.3,1831.7,0
1636498800,1830.9,1868.57,1822.49,1848.885,0
1636585200,1849.17,1866.04,1843,1861.29,0
1636671600,1861.77,1868.67,1845.4,1864.74,0
1636930800,1863.9,1870.468,1856.465,1862.545,0
1637017200,1862.435,1877.145,1849.64,1849.64,0
1637103600,1849.63,1868.03,1849.63,1867.07,0
1637190000,1866.81,1870.94,1855.2,1858.6,0
1637276400,1858,1865.85,1843.16,1845.295,0
1637535600,1844.8,1849.07,1802.35,1804.186,0
1637622000,1804.45,1812.41,1782.08,1788.746,0
1637708400,1788.7,1796.355,1778.69,1788.45,0
1637794800,1787.766,1815.6,1780.532,1791.6,0
1638140400,1791.6,1799.41,1780.722,1784.135,0
1638226800,1784.2,1808.72,1769.98,1773.986,0
1638313200,1774,1794.62,1772.3,1781.414,0
1638399600,1781.13,1783.41,1761.99,1768.466,0
1638486000,1766.7,1786.11,1766.22,1782.83,0
1638745200,1782.3,1787.721,1775.78,1778.4,0
1638831600,1777.9,1787.81,1772.32,1783.528,0
1638918000,1783.766,1793.13,1779.69,1782.7,0
1639004400,1782.18,1787.61,1773.37,1774.03,0
1639090800,1774.6,1789.52,1770.21,1782.446,0
1639350000,1781.7,1791.58,1781.7,1785.79,0
1639436400,1786.56,1789.55,1766.56,1770.494,0
1639522800,1769.5,1780.88,1753.1,1776.73,0
1639609200,1776.5,1799.39,1775.7,1798.91,0
1639695600,1799,1814.27,1795.893,1797.933,0
1639954800,1796.9,1804.098,1788.44,1790.23,0
1640041200,1790.406,1800.45,1784.92,1788.4,0
1640127600,1788.47,1805.02,1785.95,1802.48,0
1640214000,1803.52,1810.78,1799.01,1808.58,0
1640559600,1801.9,1813.46,1801.9,1811.735,0
1640646000,1811.7,1820.23,1805.11,1806,0
1640732400,1806.27,1807.636,1789.57,1804.406,0
1640818800,1804.33,1817.13,1796.3,1814.1,0
1640905200,1813.9,1830.36,1813.9,1829.24,0
1641164400,1828,1831.65,1798.41,1801.3,0
1641250800,1801.1,1816.728,1798.574,1814.086,0
1641337200,1813.5,1829.68,1808.4,1809.18,0
1641423600,1810.2,1812.19,1786.42,1790.795,0
1641510000,1789.1,1798.65,1782.71,1795.92,0
1641769200,1778.5,1802.31,1778.5,1801.21,0
1641855600,1801,1823.31,1800.27,1821.39,0
1641942000,1821.3,1828.06,1814.83,1826,0
1642028400,1825.84,1828.16,1812.45,1822.3,0
1642114800,1821.78,1829.144,1814.77,1817.482,0
1642374000,1818.21,1822.77,1805.78,1813.4,0
1642546800,1813.48,1843.4,1810.34,1839.96,0
1642633200,1840.18,1847.94,1836.03,1838.79,0
1642719600,1839,1843.21,1828.57,1834.36,0
1642978800,1832.6,1844.33,1829.81,1842.62,0
1643065200,1842.46,1853.83,1835,1847.87,0
1643151600,1847.7,1850.09,1815.02,1819.35,0
1643238000,1818.9,1822.14,1791.89,1797.26,0
1643324400,1797.26,1799.41,1780.36,1791.16,0
1643583600,1791.32,1799.91,1785.64,1796.64,0
1643670000,1796.64,1808.78,1795.8,1800.38,0
1643756400,1800.1,1810.78,1794.54,1806.34,0
1643842800,1805.96,1808.98,1788.76,1804.534,0
1643929200,1803.86,1814.88,1792.29,1807.54,0
1644188400,1807.61,1823.56,1806.9,1820.1,0
1644274800,1819.99,1828.78,1815.53,1825.6,0
1644361200,1824.9,1835.81,1824.78,1832.42,0
1644447600,1832.87,1841.95,1821.78,1826.79,0
1644534000,1826.78,1865.434,1820.99,1858.44,0
1644793200,1858.11,1874.2,1850.85,1871.1,0
1644879600,1870.5,1879.5,1844.61,1853.36,0
1644966000,1852.98,1872.55,1850.41,1869.11,0
1645052400,1869.8,1901.12,1867.9,1898.35,0
1645138800,1897.2,1902.46,1886.69,1898.23,0
1645398000,1903.36,1914.12,1891.52,1898.16,0
1645570800,1898.2,1910.5,1889.7,1907.76,0
1645657200,1908.1,1974.398,1878.25,1902.94,0
1645743600,1903.5,1921.59,1883,1889.07,0
1646002800,1888.71,1931.47,1888.71,1908.67,0
1646089200,1907.9,1950.21,1901.5,1944.67,0
1646175600,1945.13,1947.96,1913.99,1928.35,0
1646262000,1928.6,1941.27,1922.16,1935.41,0
1646348400,1935.2,1970.95,1929.8,1970.95,0
1646607600,1969.91,2002.57,1961.17,1997.1,0
1646694000,1997.67,2070.42,1981.18,2050.168,0
1646780400,2049.3,2059.17,1976.3,1991.3,0
1646866800,1990.7,2009.17,1970.51,1996.8,0
1646953200,1996.8,1999.034,1958.84,1988.23,0
1647208800,1987.4,1990.308,1949.786,1950,0
1647295200,1951.361,1954.58,1907.14,1918.39,0
1647381600,1918.48,1929.53,1895.13,1927.46,0
1647468000,1927.761,1949.77,1923.46,1942.5,0
1647554400,1942.6,1945.34,1918.07,1921.198,0
1647813600,1920.85,1941.21,1918.14,1935.99,0
1647900000,1935.428,1938.39,1910.821,1920.862,0
1647986400,1920.882,1948.36,1915.697,1942.15,0
1648072800,1942.506,1966.12,1937.6,1957.381,0
1648159200,1957.48,1964.24,1943.31,1957.69,0
1648418400,1957.4,1960.43,1917.14,1921.772,0
1648504800,1922.33,1929.27,1890.35,1919.02,0
1648591200,1919.09,1938.54,1916.08,1932.65,0
1648677600,1932.19,1949.79,1919.4,1936.32,0
1648764000,1936.411,1939.5,1918.13,1924.3,0
1649023200,1924.71,1936.9,1915.63,1932.67,0
1649109600,1932.581,1944.55,1918,1923.43,0
1649196000,1923.84,1933.53,1915.16,1923.84,0
1649282400,1923.84,1937.79,1920.67,1930.91,0
1649368800,1930.95,1948.19,1927.83,1945.8,0
1649628000,1945.8,1969.798,1940.15,1953.69,0
1649714400,1953.171,1978.64,1949.76,1966.308,0
1649800800,1966.55,1981.52,1962.96,1977.7,0
1649887200,1977.61,1980.32,1960.7,1973.2,0
1650232800,1974.4,1998.39,1971.22,1978.18,0
1650319200,1978.09,1981.95,1943.8,1949.911,0
1650405600,1949.348,1958.31,1939.45,1957.398,0
1650492000,1957.366,1957.72,1936.83,1951.451,0
1650578400,1951.14,1955.6,1926.72,1929.7,0
1650837600,1929.7,1935.14,1891.64,1897.967,0
1650924000,1897.963,1911.19,1895.85,1905.117,0
1651010400,1905.217,1907,1881.5,1885.567,0
1651096800,1885.518,1896.71,1872.2,1894.441,0
1651183200,1894.867,1919.9,1892.69,1895.638,0
1651442400,1897,1899.94,1854.65,1863.111,0
1651528800,1862.988,1878.17,1850.51,1867.03,0
1651615200,1867.5,1889.87,1861.57,1881.298,0
1651701600,1882.298,1909.8,1872.7,1876.561,0
1651788000,1876.37,1892.51,1866.28,1882.99,0
1652047200,1863,1885.68,1851.88,1853.982,0
1652133600,1854.27,1865.4,1835.48,1837.8,0
1652220000,1837.2,1858.16,1832.169,1851.76,0
1652306400,1851.967,1858.93,1821.48,1822.158,0
1652392800,1821.71,1828.91,1799.13,1810.678,0
1652652000,1811.45,1826.89,1787.031,1824.29,0
1652738400,1824.404,1836.15,1813,1814.565,0
1652824800,1814.42,1824.71,1807.4,1815.776,0
1652911200,1815.808,1849.13,1810.85,1840.9,0
1652997600,1840.407,1849.52,1832.49,1845.6,0
1653256800,1845.6,1865.44,1843.3,1852.893,0
1653343200,1851.991,1869.66,1849.423,1866.258,0
1653429600,1866.39,1868.19,1841.89,1851.898,0
1653516000,1851.958,1855.57,1840.11,1850.328,0
1653602400,1850.318,1862.02,1847.97,1852.838,0
1653861600,1855.918,1857.17,1835.2,1836.652,0
1654034400,1836.592,1849.96,1828.47,1845.9,0
1654120800,1845.98,1870.53,1844.14,1868.458,0
1654207200,1868.79,1874.14,1847.46,1851.04,0
1654466400,1850.1,1857.92,1840.458,1840.458,0
1654552800,1840.58,1855.53,1837.1,1851.98,0
1654639200,1851.838,1859.64,1844.74,1852.178,0
1654725600,1852.083,1855.42,1840.13,1847.798,0
1654812000,1847.818,1875.93,1825.2,1870.9,0
1655071200,1870.9,1879.45,1818.115,1819.79,0
1655157600,1819.928,1831.61,1805.2,1807.9,0
1655244000,1807.2,1841.95,1807.2,1832.57,0
1655330400,1832.28,1857.55,1815.29,1857.218,0
1655416800,1857.204,1857.87,1833.96,1839.3,0
1655676000,1837.242,1843.57,1828.72,1832.44,0
1655848800,1832.605,1847.88,1823.45,1837.588,0
1655935200,1837.748,1846.238,1822.6,1822.888,0
1656021600,1822.64,1831.8,1817.01,1826.1,0
1656280800,1826.1,1841.17,1820.73,1822.368,0
1656367200,1822.299,1829.49,1818.49,1819.338,0
1656453600,1819.338,1833.05,1812.19,1817.61,0
1656540000,1817.64,1825.1,1802.8,1807.288,0
1656626400,1807.18,1811.86,1784.6,1810.1,0
1656885600,1807.2,1812.1,1764.01,1765.073,0
1657058400,1764.968,1772.84,1732.36,1738.59,0
1657144800,1738.363,1749.07,1736.59,1739.964,0
1657231200,1740.12,1752.46,1733.08,1741.8,0
1657490400,1741.8,1744.528,1731.39,1733.478,0
1657576800,1733.639,1744.37,1723.3,1725.217,0
1657663200,1725.269,1745.39,1707.11,1734.5,0
1657749600,1735.179,1736.31,1697.7,1710.321,0
1657836000,1710.35,1716.63,1699.1,1706.7,0
1658095200,1706.7,1723.85,1706.18,1709.24,0
1658181600,1709.108,1718.43,1705.49,1711.17,0
1658268000,1711.328,1714.508,1692.58,1696.549,0
1658354400,1696.61,1720.238,1681,1717.859,0
1658440800,1717.888,1739.27,1712.99,1726.4,0
1658700000,1726.4,1736.24,1714.8,1719.328,0
1658786400,1719.27,1728.19,1713.7,1716.339,0
1658872800,1716.249,1740.37,1711.58,1734.048,0
1658959200,1733.94,1757.09,1733.8,1756.199,0
1659045600,1756.088,1767.9,1752.27,1765.337,0
1659304800,1765.2,1775.39,1758.5,1771.408,0
1659391200,1771.64,1788.03,1760,1760.02,0
1659477600,1760.747,1772.771,1754.22,1765.098,0
1659564000,1765.068,1794.93,1763.4,1790.69,0
1659650400,1790.938,1794.88,1765.1,1774.1,0
1659909600,1774.1,1790.03,1770.98,1788.14,0
1659996000,1788.168,1800.4,1783.32,1794.807,0
1660082400,1794.63,1807.93,1787.69,1791.29,0
1660168800,1791.508,1799.3,1783.7,1789.398,0
1660255200,1789.398,1802.7,1785,1801.97,0
1660514400,1801.3,1802.41,1773.09,1778.858,0
1660600800,1778.98,1783.13,1771.6,1775.848,0
1660687200,1775.758,1782.32,1759.87,1761.429,0
1660773600,1761.588,1772.42,1755.45,1758.959,0
1660860000,1758.59,1759.5,1745.64,1746.96,0
1661119200,1746.4,1749.19,1727.9,1735.839,0
1661205600,1737.49,1754.06,1730.92,1748.03,0
1661292000,1748.119,1755.87,1742.51,1750.859,0
1661378400,1750.758,1765.48,1750.06,1758.092,0
1661464800,1757.91,1758.91,1734.27,1736.8,0
1661724000,1737.56,1745.52,1720.4,1736.719,0
1661810400,1737.008,1740.51,1721.3,1723.248,0
1661896800,1723.5,1726.52,1709.72,1710.93,0
1661983200,1710.868,1711.43,1688.91,1696.09,0
1662069600,1696.277,1718.01,1695.17,1711.4,0
1662328800,1709.25,1726.78,1699.74,1701.401,0
1662501600,1701.36,1719.54,1691.5,1717.76,0
1662588000,1717.829,1728.2,1704.06,1708.37,0
1662674400,1708.418,1729.47,1708.418,1716.05,0
1662933600,1717.49,1735.1,1712.061,1724.969,0
1663020000,1724.41,1731.8,1697.18,1701.56,0
1663106400,1701.09,1707.07,1693.78,1696.794,0
1663192800,1697.42,1698.19,1660.44,1664.71,0
1663279200,1664.71,1680.41,1654.28,1674.02,0
1663538400,1675.24,1679.9,1659.78,1675.64,0
1663624800,1675.722,1679.51,1660.1,1664.54,0
1663711200,1664.54,1688.05,1653.93,1673.2,0
1663797600,1672.942,1684.89,1655.8,1670.948,0
1663884000,1671.24,1675.93,1639.78,1643,0
1664143200,1643.29,1649.78,1621.27,1622.15,0
1664229600,1621.85,1642.45,1621.85,1628.56,0
1664316000,1628.56,1662.76,1614.92,1659.71,0
1664402400,1659.74,1664.88,1641.65,1661.026,0
1664488800,1660.648,1675.38,1659.33,1660.73,0
1664748000,1660.73,1701.56,1659.8,1699.288,0
1664834400,1699.15,1729.46,1695.29,1725.16,0
1664920800,1725.16,1727.78,1700.671,1715.84,0
1665007200,1716.03,1725.55,1706.99,1711.75,0
1665093600,1712.468,1714.82,1690.7,1693.7,0
1665352800,1694.69,1699.94,1665.78,1668,0
1665439200,1667.74,1683.94,1661,1665.97,0
1665525600,1666.022,1678.33,1661.45,1673,0
1665612000,1672.973,1682.45,1642.49,1666,0
1665698400,1666.05,1671.74,1640.27,1643.78,0
1665957600,1643.4,1668.42,1643.4,1650.18,0
1666044000,1650.06,1660.94,1645.93,1651.33,0
1666130400,1651.31,1654.44,1627.75,1629.21,0
1666216800,1629.65,1645.65,1622.53,1627.027,0
1666303200,1626.997,1658.07,1617.3,1656.6,0
1666562400,1657.66,1670.75,1644.05,1649.86,0
1666648800,1649.89,1662.45,1638.4,1652.92,0
1666735200,1653.08,1674.94,1649.84,1663.89,0
1666821600,1663.84,1670.82,1654.93,1662.1,0
1666908000,1662.1,1667.04,1638.16,1644.3,0
1667167200,1644.99,1645.62,1631.84,1632.77,0
1667253600,1632.728,1657,1630.85,1648.18,0
1667340000,1648.11,1669.52,1634.9,1635.298,0
1667426400,1636.067,1640.97,1616.71,1629.4,0
1667512800,1628.688,1682.37,1628.688,1680.2,0
1667775600,1681.11,1681.836,1666.96,1675.48,0
1667862000,1675.48,1716.89,1664.8,1712.17,0
1667948400,1712.17,1722.55,1702.29,1706.67,0
1668034800,1706.67,1757.26,1704,1755.49,0
1668121200,1755.53,1772.78,1747.38,1771.198,0
1668380400,1771.23,1775.07,1753.35,1771.28,0
1668466800,1771.18,1786.53,1767.19,1778.89,0
1668553200,1778.89,1785.04,1770.4,1773.6,0
1668639600,1773.3,1774.81,1754.57,1760.03,0
1668726000,1760.03,1767.68,1747.6,1750.398,0
1668985200,1750.56,1753.02,1732.58,1737.83,0
1669071600,1736.92,1749.72,1736.92,1739.7,0
1669158000,1739.99,1753.36,1725.71,1749.37,0
1669244400,1756.61,1761.18,1745.99,1754.26,0
1669590000,1754.26,1763.75,1739.72,1741.24,0
1669676400,1740.9,1759.05,1739.7,1749.7,0
1669762800,1749.4,1769.96,1745.03,1768,0
1669849200,1767.7,1804.02,1767.7,1802.5,0
1669935600,1802.23,1804.45,1778.68,1797.248,0
1670194800,1797.59,1810.04,1765.9,1768.4,0
1670281200,1768.4,1780.9,1766.9,1770.6,0
1670367600,1770.86,1790.52,1768.8,1785.83,0
1670454000,1786,1794.87,1781.5,1788.92,0
1670540400,1788.73,1806.12,1788.57,1797.11,0
1670799600,1797.41,1797.59,1777.66,1780.27,0
1670886000,1780.9,1824.47,1780.89,1810.84,0
1670972400,1809.5,1814.14,1795.66,1807.23,0
1671058800,1806.46,1808.64,1773.92,1776.54,0
1671145200,1775.97,1794.31,1774.4,1792.588,0
1671404400,1791.83,1798.68,1783.94,1787.3,0
1671490800,1786.53,1821.11,1784.71,1817.6,0
1671577200,1816.93,1823.82,1811.93,1814.1,0
1671663600,1814.1,1820.45,1784.94,1792.36,0
1671750000,1791.54,1803.21,1791.31,1797.688,0
1672095600,1797.21,1833.29,1797.21,1813.3,0
1672182000,1812.5,1814.52,1797.14,1804,0
1672268400,1803.3,1820.18,1803.3,1814.5,0
1672354800,1813.87,1826.07,1811.2,1822.79,0
1672700400,1823.53,1850.15,1823.53,1839,0
1672786800,1839.6,1865.15,1836.29,1854.1,0
1672873200,1854.34,1859.03,1825.04,1832.488,0
1672959600,1832.45,1870,1830.8,1865.487,0
1673218800,1865.91,1881.59,1865.4,1871.65,0
1673305200,1870.4,1880.73,1868,1876.6,0
1673391600,1876.72,1886.63,1867.22,1875.3,0
1673478000,1875.3,1901.55,1872.64,1896.7,0
1673564400,1896.79,1921.86,1892.4,1920.15,0
1673823600,1915.66,1919.02,1903.88,1908.2,0
1673996400,1908.53,1925.88,1896.74,1903.7,0
1674082800,1904.14,1935.25,1901.1,1931.8,0
1674169200,1931.9,1937.51,1920.77,1925.95,0
1674428400,1925.82,1935.51,1911.49,1930.6,0
1674514800,1930.43,1942.51,1917.22,1937,0
1674601200,1936.3,1948.08,1919.91,1945.78,0
1674687600,1945.78,1949.16,1918.74,1928.8,0
1674774000,1928.59,1935.06,1916.78,1927.286,0
1675033200,1927.98,1934.47,1920.71,1923.1,0
1675119600,1923.1,1931.12,1900.86,1928.26,0
1675206000,1928.26,1954.5,1920.65,1950.17,0
1675292400,1949.3,1959.74,1911.35,1912.3,0
1675378800,1912.57,1918.59,1861.37,1864.9,0
1675638000,1864.9,1881.31,1860.44,1867.04,0
1675724400,1866.9,1884.42,1865.08,1872.1,0
1675810800,1872.7,1886.345,1869.16,1875.04,0
1675897200,1875.04,1890.21,1858.97,1860.66,0
1675983600,1861.4,1872.22,1852.89,1865.14,0
1676242800,1865.4,1866.54,1850.55,1853.36,0
1676329200,1852.6,1870.53,1843.35,1854.37,0
1676415600,1853.8,1860.14,1830.64,1835.6,0
1676502000,1835.3,1845.29,1827.65,1836.24,0
1676588400,1835.95,1843.62,1818.97,1841.73,0
1676847600,1841.14,1843.82,1830.33,1834.82,0
1677020400,1834.64,1846.09,1823.6,1824.29,0
1677106800,1824.29,1833.78,1817.56,1821.9,0
1677193200,1821.9,1827.78,1809.06,1809.87,0
1677452400,1809.87,1820.17,1806.78,1816.7,0
1677538800,1817.05,1831.13,1804.78,1826.69,0
1677625200,1826.69,1844.57,1823.21,1836.3,0
1677711600,1836.3,1838.99,1830.11,1835.4,0
1677798000,1835.51,1856.51,1835.51,1855.84,0
1678057200,1855.84,1858.33,1845.21,1846.46,0
1678143600,1846.46,1851.62,1812.82,1813.36,0
1678230000,1813.36,1824.25,1809.48,1813.64,0
1678316400,1813.64,1835.64,1812.09,1829.28,0
1678402800,1829.28,1870.14,1827.84,1866.99,0
1678658400,1867.17,1914.6,1867.17,1912.68,0
1678744800,1913.71,1914.16,1895.55,1903.4,0
1678831200,1903.414,1937.31,1885.83,1918.11,0
1678917600,1918.11,1933.42,1907.63,1921.51,0
1679004000,1920.85,1989.16,1918.37,1988.5,0
1679263200,1988.78,2009.75,1966,1978.5,0
1679349600,1978.44,1985.16,1935.56,1939.704,0
1679436000,1939.704,1978.78,1934.4,1969.714,0
1679522400,1969.374,2003.28,1964.74,1992.6,0
1679608800,1992.9,2003.002,1975.39,1976.9,0
1679868000,1978.32,1980.38,1944.11,1956.184,0
1679954400,1955.96,1975.25,1949.28,1973.3,0
1680040800,1973.14,1974.34,1958.82,1962.97,0
1680127200,1963.36,1984.26,1955.54,1980.36,0
1680213600,1980.274,1987.57,1966.86,1968.53,0
1680472800,1969.3,1990.46,1949.9,1984.168,0
1680559200,1984.37,2025.17,1977.1,2020.66,0
1680645600,2020.66,2032.13,2009.98,2020.35,0
1680732000,2020.49,2021.42,2000.97,2007.8,0
1681077600,2007.05,2007.8,1981.78,1990.71,0
1681164000,1990.7,2007.44,1988.9,2003.484,0
1681250400,2003.274,2028.32,2001.44,2014.404,0
1681336800,2014.27,2048.79,2013.9,2040.27,0
1681423200,2040.23,2047.47,1992.586,2003.43,0
1681682400,2004.03,2015.02,1981.29,1994.688,0
1681768800,1994.87,2011.83,1991.38,2005.104,0
1681855200,2005.07,2008.16,1969.34,1994.61,0
1681941600,1994.31,2012.34,1990.65,2004.334,0
1682028000,2004.32,2005.52,1971.736,1982.37,0
1682287200,1982.37,1990.82,1974.23,1988.85,0
1682373600,1988.81,2003.85,1976.26,1996.74,0
1682460000,1996.6,2009.34,1983.48,1989.87,0
1682546400,1989.198,2003.47,1974.236,1987.92,0
1682632800,1987.76,1995,1976.31,1989.62,0
1682892000,1991.1,2005.99,1977.22,1981.18,0
1682978400,1981.64,2019.36,1978.58,2016.58,0
1683064800,2016.58,2042.86,2008.09,2042.86,0
1683151200,2042.86,2081.82,2030.5,2049.92,0
1683237600,2049.894,2053.04,1999.59,2015.94,0
1683496800,2016.65,2029.36,2014.4,2020.44,0
1683583200,2020.92,2037.524,2019.615,2034.15,0
1683669600,2033.704,2048.15,2021.67,2029.4,0
1683756000,2029.39,2041.238,2011.3,2014.9,0
1683842400,2014.71,2022.56,2001.07,2010.9,0
1684101600,2010.6,2022.114,2007.43,2015.73,0
1684188000,2015.624,2018.28,1985.6,1988.24,0
1684274400,1988.24,1993.01,1975.12,1981.32,0
1684360800,1981.35,1986,1951.87,1957.66,0
1684447200,1957.78,1984.16,1954.14,1977.3,0
1684706400,1977.64,1982.56,1968.98,1969.2,0
1684792800,1971.21,1977.71,1954.37,1974.74,0
1684879200,1974.7,1985.27,1956.83,1957.08,0
1684965600,1957.11,1964.76,1938.96,1939.96,0
1685052000,1939.96,1957.25,1936.9,1946.13,0
1685311200,1943.84,1963.53,1932.2,1958.12,0
1685484000,1958.53,1974.75,1953.8,1962.77,0
1685570400,1962.8,1983.1,1953.47,1976.69,0
1685656800,1976.84,1983.44,1947.5,1947.5,0
1685916000,1947.97,1963.97,1938.275,1961.084,0
1686002400,1961.24,1966.34,1954.51,1963.23,0
1686088800,1963.26,1970.15,1939.89,1940.21,0
1686175200,1940.134,1970.534,1939.73,1965.7,0
1686261600,1965.66,1973.13,1956.769,1960.78,0
1686520800,1960.71,1966.97,1949.32,1956.91,0
1686607200,1957.14,1971.024,1940.13,1943.09,0
1686693600,1943.26,1960.29,1939.83,1941.804,0
1686780000,1941.94,1960.24,1925.055,1954.955,0
1686866400,1957.32,1967.89,1953.43,1957.3,0
1687125600,1950.58,1956.74,1929.92,1935.16,0
1687298400,1935.16,1939.47,1919.32,1932.198,0
1687384800,1932.11,1934.98,1912.53,1913.53,0
1687471200,1913.504,1937.33,1910.26,1920.26,0
1687730400,1921.1,1933.31,1921.1,1922.25,0
1687816800,1922.72,1930.659,1911,1913.46,0
1687903200,1913.41,1917.22,1902.76,1907.68,0
1687989600,1907.71,1913.089,1893.12,1907.41,0
1688076000,1908.01,1922.72,1900.652,1919.36,0
1688335200,1919.31,1931.09,1910.13,1920.73,0
1688421600,1925.47,1934.973,1914.51,1914.51,0
1688594400,1914.51,1927.55,1902.75,1910.81,0
1688680800,1910.78,1934.821,1909.69,1925,0
1688940000,1925.43,1928.13,1912.76,1925.08,0
1689026400,1925.16,1938.435,1924.48,1932.21,0
1689112800,1932.3,1959.66,1932.3,1956.4,0
1689199200,1956.4,1963.63,1952.51,1959.944,0
1689285600,1960.04,1963.81,1951.06,1954.8,0
1689544800,1955.28,1959.83,1945.89,1954.28,0
1689631200,1953.554,1984.32,1953.554,1978.61,0
1689717600,1978.61,1980.894,1969.9,1976.18,0
1689804000,1976.69,1987.42,1965.47,1969.25,0
1689890400,1969.25,1973.8,1956.946,1960.8,0
1690149600,1961.7,1967.864,1953.579,1954.65,0
1690236000,1954.65,1965.66,1952.03,1964.83,0
1690322400,1964.86,1978.284,1962.15,1971.25,0
1690408800,1972.83,1982.15,1942.62,1945.715,0
1690495200,1946.005,1963.52,1945.57,1959.12,0
1690754400,1959.1,1972.354,1950.962,1965.58,0
1690840800,1965.5,1966.05,1941.24,1950.029,0
1690927200,1950.55,1954.774,1933.067,1933.64,0
1691013600,1933.64,1938.925,1929.64,1933.705,0
1691100000,1933.755,1946.881,1925.51,1942.69,0
1691359200,1942.69,1946.73,1931.6,1936.415,0
1691445600,1936.35,1938.11,1922.883,1924.84,0
1691532000,1924.95,1932.36,1914.15,1914.675,0
1691618400,1914.95,1930.15,1912.025,1912.025,0
1691704800,1912.049,1920.94,1910.95,1913.04,0
1691964000,1913.46,1918.125,1902.8,1907.15,0
1692050400,1906.59,1911.594,1896.5,1901.639,0
1692136800,1901.63,1907.19,1891.72,1891.91,0
1692223200,1891.91,1903.425,1885.09,1889.62,0
1692309600,1889.085,1896.773,1886.87,1888.9,0
1692568800,1889.21,1898.741,1884.89,1894.27,0
1692655200,1894.27,1904.5,1889.2,1897.191,0
1692741600,1897.151,1920.31,1897.151,1915.42,0
1692828000,1915.14,1923.37,1911.88,1916.82,0
1692914400,1916.705,1922.48,1903.74,1914.52,0
1693173600,1914.52,1926.04,1912.94,1919.598,0
1693260000,1919.561,1938.12,1914.57,1936.9,0
1693346400,1936.96,1949.05,1935.11,1942.23,0
1693432800,1942.1,1947.87,1939.17,1939.96,0
1693519200,1939.595,1952.95,1934.52,1939.3,0
1693778400,1938.2,1938.99,1925.48,1925.64,0
1693951200,1925.66,1929.165,1915.39,1916.37,0
1694037600,1916.45,1923.58,1916.32,1919.37,0
1694124000,1919.43,1929.69,1917.47,1918.07,0
1694383200,1918.89,1930.69,1916.66,1921.588,0
1694469600,1921.508,1924.48,1907.68,1911.675,0
1694556000,1912.148,1915.72,1905.68,1908.41,0
1694642400,1908.46,1912.9,1901.11,1910.63,0
1694728800,1910.63,1930.41,1909.93,1923.56,0
1694988000,1923.57,1934.18,1922.69,1933.04,0
1695074400,1933.2,1937.361,1929.86,1931.288,0
1695160800,1931.65,1947.39,1928.01,1930.78,0
1695247200,1930.57,1931.57,1913.99,1919.63,0
1695333600,1919.12,1929.12,1919.12,1924.68,0
1695592800,1925.23,1927.19,1915.328,1915.84,0
1695679200,1916.79,1916.89,1899.23,1900.35,0
1695765600,1900.52,1903.977,1872.65,1875.53,0
1695852000,1875.53,1879.581,1857.819,1864.59,0
1695938400,1865.24,1879.81,1846.42,1848.1,0
1696197600,1848.46,1849.96,1827.22,1827.95,0
1696284000,1827.95,1833.35,1815.3,1822.7,0
1696370400,1822.7,1830.67,1816.69,1821.02,0
1696456800,1821.1,1829.23,1813.07,1820.01,0
1696543200,1820.23,1834.83,1810.58,1832.54,0
1696802400,1832.46,1863.46,1832.4,1861.29,0
1696888800,1861.03,1865.41,1853.1,1859.498,0
1696975200,1860.13,1877.21,1858.74,1874.128,0
1697061600,1874.25,1885.055,1867.9,1868.69,0
1697148000,1868.69,1932.875,1868.69,1932.4,0
1697407200,1932.63,1932.63,1908.32,1920.05,0
1697493600,1919.99,1931.56,1912.54,1922.84,0
1697580000,1922.85,1962.58,1922.85,1947.2,0
1697666400,1947.92,1977.69,1945.35,1973.3,0
1697752800,1974.418,1997.16,1972.12,1980.9,0
1698012000,1981.45,1982.81,1963.29,1972.4,0
1698098400,1972.59,1980.9,1953.69,1970.8,0
1698184800,1971.265,1987.25,1963.15,1979.62,0
1698271200,1979.65,1993.44,1971.85,1984.41,0
1698357600,1984.41,2009.42,1976.97,2006,0
1698616800,2006.14,2006.77,1991.043,1995.7,0
1698703200,1995.3,2007.894,1978.99,1983.56,0
1698789600,1983.81,1993.24,1969.81,1982.34,0
1698876000,1982.2,1990.99,1978.96,1985.498,0
1698962400,1985.65,2004.07,1983.31,1992.08,0
1699225200,1992.31,1993.13,1977.54,1977.544,0
1699311600,1977.53,1978.38,1956.81,1969.15,0
1699398000,1969,1971.05,1947.49,1949.54,0
1699484400,1949.54,1965.57,1944.8,1958.24,0
1699570800,1958.24,1960.76,1933.14,1938.148,0
1699830000,1938.148,1949.17,1928.103,1945.948,0
1699916400,1945.75,1970.92,1938.842,1963.178,0
1700002800,1962.81,1975.3,1955.56,1959.1,0
1700089200,1959.23,1987.98,1956.63,1981,0
1700175600,1980.92,1993.42,1977.68,1980.65,0
1700434800,1980.62,1985.16,1965.57,1977.45,0
1700521200,1977.3,2007.54,1977.3,1998.13,0
1700607600,1998.13,2006.344,1987,1989.548,0
1700694000,1992.15,2003.58,1991.6,2002.1,0
1701039600,2005.11,2018.151,2000.66,2013.64,0
1701126000,2013.8,2043.05,2011.79,2040.71,0
1701212400,2040.6,2052.13,2035.48,2044.068,0
1701298800,2043.82,2047.18,2031.576,2036.098,0
1701385200,2035.88,2075.35,2034.02,2071.95,0
1701644400,2071.92,2146.792,2020.255,2028.85,0
1701730800,2028.85,2041.24,2009.96,2019.22,0
1701817200,2019.22,2035.86,2017.4,2025.219,0
1701903600,2025.28,2039.93,2020.32,2028.389,0
1701990000,2027.9,2034,1994.69,2004.25,0
1702249200,2004.54,2008.1,1976.02,1981.624,0
1702335600,1981.83,1996.73,1977.26,1979.37,0
1702422000,1979.48,2027.45,1973.13,2027.385,0
1702508400,2027.03,2047.91,2024.37,2036.3,0
1702594800,2035,2044.9,2015.71,2019.485,0
1702854000,2019.87,2033.69,2016.12,2026.984,0
1702940400,2027.15,2046.99,2021.84,2040.105,0
1703026800,2039.9,2043.47,2027.57,2031.735,0
1703113200,2030.62,2046,2030.62,2045.845,0
1703199600,2045.57,2070.63,2045.57,2052.79,0
1703545200,2053.602,2069.07,2053.517,2067.789,0
1703631600,2067.6,2084.44,2061.63,2077.495,0
1703718000,2077.51,2088.48,2064.72,2065.439,0
1703804400,2065,2074.77,2058.34,2062.68,0
1704150000,2062.68,2078.9,2055.98,2058.699,0
1704236400,2058.78,2065.99,2030.72,2041.195,0
1704322800,2041.49,2050.95,2036.34,2043.348,0
1704409200,2042.8,2063.98,2024.63,2045.44,0
1704668400,2045.41,2046.58,2016.85,2027.909,0
1704754800,2027.6,2042.01,2026.17,2029.9,0
1704841200,2029.9,2040.27,2020.57,2024.105,0
1704927600,2024,2046.649,2013.43,2028.83,0
1705014000,2028.38,2062.27,2028.38,2048.92,0
1705273200,2054.75,2055.82,2024.37,2028.155,0
1705446000,2028.06,2032.94,2001.92,2005.945,0
1705532400,2006.038,2023.25,2005.83,2022.835,0
1705618800,2022.68,2039.4,2020.51,2029.47,0
1705878000,2029.48,2032.16,2016.66,2021.2,0
1705964400,2021.504,2037.93,2019.73,2029.015,0
1706050800,2028.9,2036.71,2011.32,2013.5,0
1706137200,2013.54,2025.22,2009.66,2020.505,0
1706223600,2020.4,2026.92,2016.05,2017.915,0
1706482800,2018.38,2037.56,2018.38,2032.955,0
1706569200,2032,2048.62,2029.17,2036.82,0
1706655600,2036.51,2055.98,2031.02,2039.105,0
1706742000,2039.27,2065.6,2030.12,2054.545,0
1706828400,2054.949,2057.62,2027.94,2039.58,0
1707087600,2039.58,2042.22,2014.97,2025.005,0
1707174000,2024.77,2038.86,2022.99,2035.365,0
1707260400,2035.75,2044.55,2030.7,2034.805,0
1707346800,2034.7,2038.69,2020.35,2033.785,0
1707433200,2033.85,2037.24,2020.41,2024.155,0
1707692400,2024.38,2027.58,2012.01,2019.885,0
1707778800,2019.63,2032.845,1990.22,1992.855,0
1707865200,1993.1,1996.12,1984.37,1991.98,0
1707951600,1991.98,2008.27,1990.32,2004.105,0
1708038000,2003.95,2015.164,1995.25,2013.055,0
1708297200,2017.95,2031.13,2014.34,2024.095,0
1708470000,2023.97,2032.29,2020.19,2025.895,0
1708556400,2025.48,2034.86,2019.75,2024.09,0
1708642800,2023.933,2041.53,2016.15,2035.43,0
1708902000,2035.39,2037.07,2025.15,2030.885,0
1708988400,2031.17,2039.47,2028.9,2029.964,0
1709074800,2030.29,2037.89,2024.61,2034.085,0
1709161200,2034.33,2050.75,2028.23,2043.98,0
1709247600,2043.7,2088.33,2039.22,2082.65,0
1709506800,2082.65,2119.89,2079.57,2114.295,0
1709593200,2113.9,2141.81,2110.59,2127.913,0
1709679600,2127.97,2152.24,2123.8,2147.952,0
1709766000,2148.05,2164.78,2144.36,2159.715,0
1709852400,2159.86,2195.15,2154.17,2178.965,0
1710108000,2179.03,2188.99,2174.91,2182.008,0
1710194400,2182.098,2184.76,2150.78,2157.698,0
1710280800,2157.698,2179.812,2155.98,2174.323,0
1710367200,2174.272,2176.97,2152.965,2161.708,0
1710453600,2161.338,2172.712,2155.29,2155.625,0
1710712800,2155.66,2163.6,2146.24,2160.328,0
1710799200,2160.203,2162.84,2147.29,2157.412,0
1710885600,2157.298,2188.78,2149.7,2185.8,0
1710972000,2186.572,2222.91,2166.48,2181.072,0
1711058400,2180.792,2186.1,2157.208,2164.7,0
1711317600,2164.93,2181.29,2163.708,2171.088,0
1711404000,2171.405,2200.11,2167.81,2178.3,0
1711490400,2178.123,2197.6,2173.55,2194.503,0
1711576800,2194.532,2236.242,2187.53,2232.1,0
1711922400,2232.54,2265.651,2228.66,2251.37,0
1712008800,2251.382,2281.011,2246.868,2278.7,0
1712095200,2280.447,2301.07,2265.629,2299.607,0
1712181600,2300.302,2305.61,2279.84,2289,0
1712268000,2290.151,2330.471,2267.96,2329.57,0
1712527200,2329.44,2354.04,2303.09,2338.7,0
1712613600,2338.641,2365.3,2337.059,2352.911,0
1712700000,2352.931,2360.07,2319.493,2332.6,0
1712786400,2332.821,2377.66,2325.83,2371.606,0
1712872800,2372.56,2431.78,2333.99,2343.285,0
1713132000,2343.3,2387.55,2324.42,2382.3,0
1713218400,2382.416,2398.22,2363.11,2382.7,0
1713304800,2382.111,2395.54,2354.68,2360.2,0
1713391200,2361.271,2392.801,2361.271,2378.266,0
1713477600,2378.266,2417.889,2373,2391.77,0
1713736800,2392.03,2392.03,2324.78,2326.1,0
1713823200,2327.871,2334.43,2291.54,2321.56,0
1713909600,2322.271,2337.31,2311.89,2315.022,0
1713996000,2315.042,2344.89,2305.17,2331.511,0
1714082400,2332.29,2352.55,2326.4,2337.91,0
1714341600,2337.65,2346.76,2320.1,2335.451,0
1714428000,2335.451,2336.29,2285.26,2285.4,0
1714514400,2285.811,2328.29,2281.77,2319.742,0
1714600800,2319.891,2326.45,2285.58,2302.7,0
1714687200,2303.242,2320.67,2277.369,2301.93,0
1714946400,2301.93,2332.2,2291.95,2325.763,0
1715032800,2325.797,2329.93,2310.109,2313.917,0
1715119200,2313.99,2321.39,2303.81,2308.5,0
1715205600,2308.942,2347.26,2306.66,2345.7,0
1715292000,2346.561,2378.45,2343.6,2360.22,0
1715551200,2359.97,2364.52,2332.31,2336.3,0
1715637600,2335.731,2359.72,2334.95,2357.8,0
1715724000,2357.038,2390.25,2351.97,2386.126,0
1715810400,2386.126,2397.39,2371.12,2376.4,0
1715896800,2376.741,2422.709,2374.02,2414.5,0
1716156000,2414.02,2450.1,2407.43,2425,0
1716242400,2427.076,2433.9,2406.36,2420.645,0
1716328800,2420.645,2426.56,2375.109,2378.55,0
1716415200,2379.651,2383.7,2327.13,2328.806,0
1716501600,2328.805,2347.43,2325.53,2333.75,0
1716760800,2351.451,2364.12,2340.33,2360.331,0
1716933600,2360.131,2362.73,2334.65,2337.861,0
1717020000,2337.698,2351.82,2322.72,2343.801,0
1717106400,2343.691,2359.74,2320.75,2326.97,0
1717365600,2326.97,2354.77,2314.85,2350.2,0
1717452000,2350.64,2352.81,2315.72,2325.918,0
1717538400,2326.81,2357.34,2326.03,2356.298,0
1717624800,2356.098,2378.47,2353.55,2375.498,0
1717711200,2376.11,2387.71,2286.91,2293.59,0
1717970400,2293.51,2313.82,2287.88,2310.6,0
1718056800,2310.78,2319.93,2297.86,2316.2,0
1718143200,2316.41,2341.69,2310.82,2324.498,0
1718229600,2324.65,2326.71,2295.71,2301,0
1718316000,2303.71,2336.64,2301.68,2332.52,0
1718575200,2332.3,2332.85,2310.08,2316,0
1718661600,2318.098,2333.14,2306.66,2329.18,0
1718748000,2327.87,2365.53,2327.87,2359.898,0
1718920800,2359.898,2368.74,2316.88,2321.45,0
1719180000,2321.45,2334.67,2317.849,2332.8,0
1719266400,2333.4,2337.12,2315.62,2318.7,0
1719352800,2319.58,2323.9,2293.77,2298.098,0
1719439200,2297.898,2330.93,2296.63,2327.3,0
1719525600,2327.108,2339.79,2319.18,2326.41,0
1719784800,2326.15,2338.55,2318.6,2331.5,0
1719871200,2330.848,2336.8,2319.22,2329.2,0
1719957600,2329.098,2365.13,2327,2353.2,0
1720044000,2356.72,2392.91,2349.199,2391.24,0
1720389600,2391.24,2391.3,2351.17,2358.2,0
1720476000,2358.338,2371.49,2349.579,2363.4,0
1720562400,2363.09,2386.72,2362.88,2370.9,0
1720648800,2371.04,2424.55,2371.04,2415.298,0
1720735200,2415.498,2418.26,2391.58,2410.78,0
1720994400,2410.61,2439.753,2401.48,2421.61,0
1721080800,2421.91,2469.74,2420.14,2468.4,0
1721167200,2468.14,2483.76,2451.65,2458.06,0
1721253600,2458.33,2474.89,2440.48,2445.14,0
1721340000,2445.14,2447.47,2393.95,2400.38,0
1721599200,2400.59,2412.22,2384.01,2396.15,0
1721685600,2396.15,2412.02,2388.37,2408.518,0
1721772000,2408.84,2432.01,2396.98,2397.4,0
1721858400,2397.18,2401.18,2353.22,2365.3,0
1721944800,2363.95,2390.81,2356.01,2386.89,0
1722204000,2387.4,2403.11,2369.73,2383.58,0
1722290400,2383.58,2412.82,2376.63,2410.27,0
1722376800,2410.01,2450.92,2404.01,2447.6,0
1722463200,2447.93,2462.29,2430.35,2444.6,0
1722549600,2445.98,2477.66,2410.945,2442.08,0
1722808800,2442.08,2458.845,2364.435,2409.39,0
1722895200,2409.42,2418.33,2381.769,2389.1,0
1722981600,2389.98,2407.08,2379.15,2383.49,0
1723068000,2383.49,2427.65,2381.15,2426.5,0
1723154400,2426.85,2437.07,2417.03,2430.87,0
1723413600,2430.71,2473.22,2423.96,2471.93,0
1723500000,2470.115,2476.97,2458.63,2466.498,0
1723586400,2466.415,2479.94,2438.19,2447.4,0
1723672800,2446.958,2470.03,2432.28,2456.8,0
1723759200,2456.51,2509.72,2450.87,2506.844,0
1724018400,2507.48,2510.17,2485.76,2503.8,0
1724104800,2503.28,2531.67,2497.47,2513.6,0
1724191200,2512.968,2519.89,2494.182,2511.8,0
1724277600,2511.698,2514.66,2470.89,2481.7,0
1724364000,2484.19,2518.33,2484.19,2512.01,0
1724623200,2512.01,2526.82,2508.87,2517.68,0
1724709600,2518.34,2525.95,2503.67,2524.4,0
1724796000,2524.56,2529.02,2493.74,2503.858,0
1724882400,2503.858,2528.66,2503.74,2520.64,0
1724968800,2520.504,2526.86,2494.32,2502.98,0
1725228000,2499.098,2506.29,2473.5,2492.405,0
1725400800,2492.425,2500.28,2471.97,2494.725,0
1725487200,2494.855,2523.504,2493.66,2516.048,0
1725573600,2516.104,2529.16,2485.25,2497.09,0
1725832800,2496.75,2507.23,2485.68,2505.885,0
1725919200,2506.135,2518.48,2500.26,2515.978,0
1726005600,2516.25,2529.03,2501.05,2511.14,0
1726092000,2511.29,2560.12,2511.13,2558.6,0
1726178400,2558.364,2586.18,2556.85,2577.57,0
1726437600,2577.57,2589.68,2575.48,2582.22,0
1726524000,2581.994,2586.96,2560.881,2569.09,0
1726610400,2568.554,2600.14,2546.95,2558.83,0
1726696800,2558.424,2594.93,2551.229,2586.124,0
1726783200,2586.124,2625.77,2584.93,2621.79,0
1727042400,2621.79,2634.86,2613.94,2628.274,0
1727128800,2628.224,2664.34,2622.74,2657.074,0
1727215200,2657.074,2670.539,2649.782,2656.082,0
1727301600,2656.343,2685.579,2654.875,2672.033,0
1727388000,2671.353,2674.29,2643.25,2657.97,0
1727647200,2657.97,2665.99,2624.82,2634.25,0
1727733600,2633.954,2673.14,2632.45,2663.05,0
1727820000,2662.623,2663.379,2641.26,2658.013,0
1727906400,2658.013,2662.92,2638.152,2655.474,0
1727992800,2655.474,2670.14,2632.14,2653.27,0
1728252000,2653.05,2659.63,2637.88,2642.625,0
1728338400,2642.043,2653.04,2604.79,2620.565,0
1728424800,2620.894,2624.33,2605.32,2606.954,0
1728511200,2606.954,2631.51,2603.284,2629.62,0
1728597600,2629.414,2661.4,2628.26,2657.03,0
1728856800,2656.85,2666.87,2643.33,2648.68,0
1728943200,2647.443,2668.91,2638.24,2662.27,0
1729029600,2662.703,2685.41,2658.84,2673.7,0
1729116000,2674.373,2696.93,2673.33,2691.833,0
1729202400,2691.833,2722.54,2690.51,2721.12,0
1729461600,2720.098,2740.57,2714.31,2719.43,0
1729548000,2719.462,2748.85,2719.07,2748.65,0
1729634400,2747.833,2758.45,2708.82,2715.062,0
1729720800,2715.293,2743.27,2715.23,2735.94,0
1729807200,2735.053,2747.77,2717.14,2746.56,0
1730066400,2747.13,2747.13,2724.83,2741.88,0
1730152800,2741.673,2774.79,2739.99,2774.152,0
1730239200,2774.53,2790.03,2771.026,2787.042,0
1730325600,2787.21,2790.07,2731.66,2743.6,0
1730412000,2743.322,2762.23,2733.3,2735.8,0
1730674800,2735.91,2748.18,2730.55,2735.52,0
1730761200,2736.133,2749.96,2724.82,2743.694,0
1730847600,2743.72,2749.73,2652.53,2658.895,0
1730934000,2658.67,2710.61,2643.471,2705.995,0
1731020400,2705.84,2710.37,2680.42,2684.035,0
1731279600,2683.82,2686.16,2610.75,2619.375,0
1731366000,2618.97,2627.14,2589.8,2597.895,0
1731452400,2597.88,2618.84,2572.195,2572.195,0
1731538800,2572.43,2581.43,2536.89,2564.145,0
1731625200,2564.34,2576.06,2554.65,2562.715,0
1731884400,2562.81,2615.07,2562.74,2611.605,0
1731970800,2611.54,2639.44,2610.559,2632.105,0
1732057200,2631.603,2655.4,2618.98,2650.145,0
1732143600,2649.814,2673.54,2648.64,2669.37,0
1732230000,2668.993,2715.805,2668.24,2715.805,0
1732489200,2715.58,2721.41,2615.769,2624.645,0
1732575600,2624.64,2641.93,2605.39,2632.785,0
1732662000,2632.19,2658.2,2627.24,2635.785,0
1732748400,2637.74,2666.34,2634.13,2650.25,0
1733094000,2650.33,2656.14,2621.96,2638.555,0
1733180400,2638.64,2655.62,2634.21,2643.225,0
1733266800,2642.93,2657.16,2632.5,2649.325,0
1733353200,2649.014,2655.56,2623.65,2631.665,0
1733439600,2631.283,2645.69,2613.48,2632.664,0
1733698800,2645.414,2676.44,2627.62,2659.354,0
1733785200,2659.59,2695.57,2658.07,2693.514,0
1733871600,2693.63,2721.16,2675.89,2717.395,0
1733958000,2717.6,2726.13,2675.31,2680.595,0
1734044400,2680.46,2692.76,2646.24,2647.385,0
1734303600,2649.603,2664.37,2643.68,2652.7,0
1734390000,2652.7,2658.62,2633.18,2645.575,0
1734476400,2645.94,2651.71,2584.574,2584.574,0
1734562800,2584.63,2626.41,2583.21,2593.585,0
1734649200,2593.64,2631.869,2589.73,2622.435,0
1734908400,2622.47,2633.29,2608.27,2611.635,0
1734994800,2612.963,2621.42,2610.12,2616.539,0
1735167600,2619.21,2639.14,2614.43,2632.705,0
1735254000,2636.3,2638.31,2611.75,2621.348,0
1735513200,2620.5,2628.12,2596.19,2605.705,0
1735599600,2605.44,2627.53,2602.71,2624.16,0
1735772400,2623.82,2660.52,2621.88,2657.195,0
1735858800,2657.66,2665.33,2636.882,2638.41,0
1736118000,2638.41,2649.45,2614.8,2635.995,0
1736204400,2636.27,2664.37,2632.99,2648.185,0
1736290800,2648.5,2670.07,2645.4,2661.105,0
1736377200,2660.713,2678.51,2655.65,2669.525,0
1736463600,2670.983,2697.91,2664.12,2689.755,0
1736722800,2689.755,2693.37,2656.9,2662.475,0
1736809200,2662.703,2678.05,2659.96,2676.875,0
1736895600,2677.253,2697.42,2669.52,2695.719,0
1736982000,2696.26,2724.744,2690.1,2713.745,0
1737068400,2714.6,2717.4,2699.39,2702.12,0
1737327600,2706.102,2746.04,2702.77,2744.005,0
1737500400,2743.09,2763.39,2742.1,2755.755,0
1737586800,2752.782,2758.94,2735.97,2754.145,0
1737673200,2752.6,2785.98,2752.6,2770,0
1737932400,2770.07,2772.6,2730.64,2739.755,0
1738018800,2740.17,2765.04,2734.95,2763.005,0
1738105200,2762.22,2766.3,2744.94,2758.615,0
1738191600,2756.52,2798.55,2756.52,2793.465,0
1738278000,2795.27,2817.21,2791.17,2797.46,0
1738537200,2797.46,2830.57,2772.2,2814.13,0
1738623600,2814.13,2845.48,2807.35,2841.4,0
1738710000,2841.4,2882.39,2839.92,2866.235,0
1738796400,2866.4,2873.3,2834.3,2855.81,0
1738882800,2855.51,2886.83,2852.6,2860.09,0
1739142000,2860.09,2911.85,2854.67,2907.55,0
1739228400,2907.55,2942.71,2881.89,2897.23,0
1739314800,2896.571,2909.19,2864.263,2903.975,0
1739401200,2903.86,2929.54,2900.62,2927.305,0
1739487600,2929.22,2940.02,2877.09,2882.085,0
1739746800,2898.351,2936.97,2892.15,2935.53,0
1739919600,2935.53,2946.99,2918.71,2933.15,0
1740006000,2932.659,2954.944,2924.24,2938.995,0
1740092400,2938.359,2949.81,2916.89,2934.955,0
1740351600,2935.49,2956.15,2921.55,2952.725,0
1740438000,2952.28,2953.58,2888.42,2914.52,0
1740524400,2914.52,2930.106,2890.89,2916.025,0
1740610800,2916.03,2920.697,2867.922,2876.485,0
1740697200,2876.66,2885.13,2832.77,2856.998,0
1740956400,2857.09,2895.27,2855.849,2891.43,0
1741042800,2891.801,2927.76,2882.05,2916.625,0
1741129200,2917.4,2929.87,2894.42,2918.9,0
1741215600,2918.9,2926.6,2891.41,2910.99,0
1741302000,2911.951,2930.383,2896.94,2909.355,0
1741557600,2911.06,2918.32,2880.27,2888.37,0
1741644000,2888.341,2922.22,2880.4,2915.46,0
1741730400,2915.53,2940.5,2906.19,2933.9,0
1741816800,2933.84,2989.3,2933.03,2988.698,0
1741903200,2988.698,3004.94,2978.62,2984.02,0
1742162400,2984.48,3001.95,2982.36,3000.74,0
1742248800,3000.83,3038.31,2999.48,3034.34,0
1742335200,3033.599,3052.1,3023,3048.88,0
1742421600,3047.16,3057.51,3025.77,3044.41,0
1742508000,3043.49,3047.51,2999.54,3022.79,0
1742767200,3023.17,3033.32,3002.53,3011,0
1742853600,3011,3036.11,3007.64,3019.82,0
1742940000,3019.01,3032.09,3012.41,3019.08,0
1743026400,3018.339,3059.77,3017.76,3055.698,0
1743112800,3056.16,3086.9,3054.36,3084.33,0
1743372000,3084.98,3127.915,3076.98,3122.97,0
1743458400,3122.298,3149.03,3101.022,3113.397,0
1743544800,3113.398,3144.23,3105.04,3138.238,0
1743631200,3138.869,3167.74,3054.26,3114.28,0
1743717600,3113.998,3136.83,3015.88,3037.31,0
1743976800,3037.31,3055.7,2956.66,2980.8,0
1744063200,2981.57,3022.696,2974.854,2982.16,0
1744149600,2982.2,3099.72,2970.124,3082,0
1744236000,3081.92,3176.4,3071.59,3175.37,0
1744322400,3175.798,3245.45,3175.32,3236.68,0
1744581600,3238.07,3245.73,3193.67,3210.657,0
1744668000,3210.657,3233.75,3210.23,3229.53,0
1744754400,3229.53,3343.185,3229.53,3340.03,0
1744840800,3342.36,3357.92,3284.09,3326.83,0
1745186400,3333.33,3430.67,3329.117,3423.846,0
1745272800,3423.39,3500.12,3366.9,3379.37,0
1745359200,3354.243,3386.64,3260.283,3287.94,0
1745445600,3287.62,3367.533,3287.62,3348.836,0
1745532000,3349.516,3370.793,3265.34,3318.76,0
1745791200,3318.62,3353.04,3268.12,3343.875,0
1745877600,3343.817,3348.65,3299.72,3316.89,0
1745964000,3313,3328.03,3267.02,3288.57,0
1746050400,3288.57,3290.42,3202.033,3238.837,0
1746136800,3238,3269.27,3222.94,3240.61,0
1746396000,3240.61,3337.59,3237.63,3335.987,0
1746482400,3336.087,3437.026,3323.31,3437.026,0
1746568800,3436.335,3438.133,3360.26,3365.19,0
1746655200,3365.17,3414.706,3288.93,3304.067,0
1746741600,3304.067,3347.59,3274.927,3326.46,0
1747000800,3324.44,3326.46,3207.956,3236.048,0
1747087200,3236.048,3265.51,3216.06,3249.52,0
1747173600,3249.52,3257.08,3168.15,3176.58,0
1747260000,3177.46,3240.55,3120.985,3239.798,0
1747346400,3239.54,3252.05,3154.4,3201.78,0
1747605600,3202.82,3249.83,3202.82,3230.01,0
1747692000,3229.857,3295.72,3204.72,3290.267,0
1747778400,3290.02,3324.91,3285.606,3316.796,0
1747864800,3316.776,3345.4,3279.23,3294.667,0
1747951200,3294.42,3365.93,3287.23,3357.519,0
1748210400,3342.827,3350.03,3285.26,3300.617,0
1748383200,3300.567,3325.51,3276.922,3287.967,0
1748469600,3288.017,3331.11,3245.46,3317.19,0
1748556000,3317.917,3322.7,3271.76,3288.58,0
1748815200,3289.08,3382.89,3289.08,3382.716,0
1748901600,3381.666,3392.1,3333.21,3353.345,0
1748988000,3353.65,3384.72,3343.92,3374.25,0
1749074400,3374.25,3403.44,3339.53,3353.867,0
1749160800,3353.46,3375.64,3307.13,3309.25,0
1749420000,3309.47,3338.2,3293.69,3324.97,0
1749506400,3324.97,3349.17,3302.04,3322.72,0
1749592800,3322.907,3360.7,3315.71,3357.172,0
1749679200,3356.52,3398.98,3338.7,3385.716,0
1749765600,3385.666,3446.79,3379.79,3433.35,0
1750024800,3433,3452.5,3382.98,3384.666,0
1750111200,3385.426,3403.37,3366.29,3389.698,0
1750197600,3390.076,3400.04,3362.76,3370.316,0
1750284000,3368.405,3374.51,3340.47,3367.64,0
1750629600,3367.09,3398.35,3347.16,3367.05,0
1750716000,3367.82,3369.81,3295.54,3323.515,0
1750802400,3323.516,3337.11,3312.09,3333.276,0
1750888800,3333.617,3350.34,3310.02,3327.536,0
1750975200,3327.358,3328.22,3255.92,3273.43,0
1751234400,3273.46,3309.54,3246.63,3303.09,0
1751320800,3303.12,3358.02,3302.49,3338.86,0
1751407200,3338.067,3360.11,3327.72,3357.896,0
1751493600,3357.08,3365.7,3311.67,3325.42,0
1751580000,3336.9,3343.04,3296.49,3339.036,0
1751925600,3339.035,3345.78,3286.91,3301.827,0
1752012000,3301.557,3316.9,3282.88,3312.72,0
1752098400,3312.956,3330.32,3310.27,3323.61,0
1752184800,3323.61,3368.75,3322.03,3354.75,0
1752444000,3355.37,3374.96,3341.15,3342.56,0
1752530400,3342.56,3366.38,3320.34,3324.316,0
1752616800,3324.316,3377.48,3319.79,3347.667,0
1752703200,3347.41,3352.25,3309.86,3338.85,0
1752789600,3338.63,3361.27,3331.87,3349.53,0
1753048800,3349.88,3401.46,3338.037,3396.866,0
1753135200,3396.866,3433.49,3383.42,3431.766,0
1753221600,3431.866,3438.92,3381.65,3388.216,0
1753308000,3387.698,3393.42,3351.52,3368.08,0
1753394400,3368.098,3373.44,3325.06,3336.22,0
1753653600,3336.7,3345.35,3301.915,3313.696,0
1753740000,3313.696,3334.12,3308.2,3327.115,0
1753826400,3327.116,3334.08,3268.19,3275.817,0
1753912800,3276.467,3314.85,3274.097,3289.83,0
1753999200,3290.077,3363.57,3281.7,3362.64,0
1754258400,3362.09,3385.45,3345.223,3374.206,0
1754344800,3374.206,3390.46,3350,3380.31,0
1754431200,3380.31,3385.42,3358.24,3368.426,0
1754517600,3368.166,3401.908,3365.404,3400.056,0
1754604000,3399.986,3409.04,3374.59,3398.579,0
1754863200,3398.75,3405.21,3341.35,3342.307,0
1754949600,3342.187,3359.23,3331.16,3348.267,0
1755036000,3348.455,3370.77,3342.78,3356.667,0
1755122400,3356.667,3374.79,3329.92,3334.99,0
1755208800,3335.687,3348.73,3332.35,3335.28,0
1755468000,3335.28,3358.43,3323.7,3333.267,0
1755554400,3333.267,3345.35,3314.81,3315.51,0
1755640800,3315.407,3350.3,3311.62,3349.367,0
1755727200,3349.387,3352.12,3325.33,3338.4,0
1755813600,3339.327,3378.8,3321.53,3371.235,0
1756072800,3371.43,3376.29,3359.91,3365.316,0
1756159200,3365.316,3393.66,3351.41,3392.948,0
1756245600,3393.146,3398.82,3373.89,3398.616,0
1756332000,3398.506,3423.25,3384.74,3416.615,0
1756418400,3416.616,3454.06,3404.41,3446.805,0
1756677600,3477.415,3540.1,3470.31,3532.405,0
1756850400,3534.09,3578.375,3526.51,3559.914,0
1756936800,3561.9,3564.13,3511.477,3546.365,0
1757023200,3546.225,3600.18,3540.22,3586,0
1757282400,3586,3646.46,3578.02,3635.764,0
1757368800,3636.02,3674.78,3623.604,3623.604,0
1757455200,3622.05,3657.58,3619.04,3641.098,0
1757541600,3641.9,3649.13,3613.155,3633.464,0
1757628000,3633.464,3656.68,3630.63,3643.06,0
1757887200,3643.06,3685.524,3626.839,3678.91,0
1757973600,3679.963,3703.13,3674.83,3689.463,0
1758060000,3689.403,3707.47,3646.32,3658.89,0
1758146400,3658.463,3673.07,3627.85,3643.653,0
1758232800,3643.753,3685.77,3632.36,3684.65,0
1758492000,3684.65,3748.88,3683.98,3745.698,0
1758578400,3746.112,3791.08,3736.83,3765.052,0
1758664800,3765.072,3779.41,3717.57,3735.613,0
1758751200,3735.67,3761.602,3722.16,3748.88,0
1758837600,3748.071,3783.85,3734.636,3758.78,0
1759096800,3758.78,3834.12,3754.948,3832.662,0
1759183200,3832.951,3871.73,3793.28,3858.41,0
1759269600,3859.031,3895.33,3853.517,3865.1,0
1759356000,3865.1,3897,3819.32,3856.07,0
1759442400,3856.071,3891.64,3838.22,3885.66,0
1759701600,3885.66,3970.06,3884.17,3959.27,0
1759788000,3959.22,3991.07,3941.05,3984.34,0
1759874400,3984.46,4059.31,3983.052,4040.42,0
1759960800,4040.42,4058.01,3944.81,3974.53,0
1760047200,3974.29,4022.901,3947.25,4017.845,0
1760306400,4000.069,4117.02,3996.29,4110.428,0
1760392800,4110.42,4179.748,4090.53,4142.588,0
1760479200,4142.088,4218.13,4140.776,4208.867,0
1760565600,4208.867,4330.66,4199.78,4326.48,0
1760652000,4326.48,4380.79,4186.19,4250.93,0
1760911200,4250.93,4381.484,4219.11,4355.62,0
1760997600,4355.666,4375.49,4082.12,4123.968,0
1761084000,4123.868,4161.32,4004.407,4097.94,0
1761170400,4095.919,4154.79,4066.17,4127.459,0
1761256800,4126.459,4144.36,4043.75,4111.555,0
1761516000,4094.8,4109.08,3971.47,3981.84,0
1761602400,3983.45,4019.72,3886.72,3952.321,0
1761688800,3952.29,4030.23,3915.17,3928.77,0
1761775200,3931.67,4027.23,3915.62,4024.46,0
1761861600,4024.429,4046.252,3972.55,4002.69,0
1762124400,4002.69,4030.532,3962.466,4002.4,0
1762210800,4000.95,4005.94,3928.92,3932.02,0
1762297200,3931.63,3990.61,3929.66,3979.695,0
1762383600,3979.99,4019.57,3964.76,3976.525,0
1762470000,3977.03,4027.38,3974.81,4000.289,0
1762729200,4000.289,4115.9,3998.03,4115.595,0
1762815600,4115.35,4148.966,4096.93,4126.71,0
1762902000,4126.71,4211.656,4099.099,4194.675,0
1762988400,4195.02,4245.22,4145.52,4171.15,0
1763074800,4170.138,4211.31,4032.21,4082.159,0
1763334000,4084.65,4109.72,4006.99,4044.505,0
1763420400,4045.33,4082.41,3998.1,4066.605,0
1763506800,4067.27,4132.81,4055.65,4077.025,0
1763593200,4077.36,4110.227,4038.99,4076.099,0
1763679600,4076.59,4101.167,4022.41,4064.279,0
1763938800,4064.59,4139.993,4040.22,4134.719,0
1764025200,4134.23,4159.47,4109.72,4130.425,0
1764111600,4130.25,4173.34,4130.03,4162.565,0
1764198000,4157.748,4226.796,4147.982,4218.55,0
1764543600,4223.1,4264.56,4205.63,4230.439,0
1764630000,4231.47,4236,4163.87,4205.745,0
1764716400,4206.03,4241.73,4194.783,4202.42,0
1764802800,4202.42,4219.91,4175.06,4207.87,0
1764889200,4208.16,4259.6,4192.19,4197.405,0
1765148400,4198.23,4219.1,4176.32,4190.4,0
1765234800,4190.108,4221.4,4170.13,4207.069,0
1765321200,4206.79,4238.7,4182.24,4227.645,0
1765407600,4228.56,4285.98,4204.2,4279.21,0
1765494000,4280.457,4353.57,4257.32,4299.285,0
1765753200,4299.87,4350.42,4285.4,4304.76,0
1765839600,4305.11,4335.13,4271.64,4302.18,0
1765926000,4302.18,4349.5,4301.54,4338.83,0
1766012400,4338.83,4375.17,4308.81,4332.51,0
1766098800,4332.51,4356.59,4309.37,4338.669,0
1766358000,4338.36,4449.16,4338.28,4443.96,0
1766444400,4443.21,4499.89,4430.64,4485.34,0
1766530800,4483.98,4525.83,4448.38,4479.39,0
1766703600,4479.39,4549.96,4477.206,4532.41,0
1766962800,4532.41,4550.52,4302.853,4331.71,0
1767049200,4331.71,4404.41,4323.52,4338.34,0
1767135600,4338.34,4373.499,4274.12,4317.949,0
1767308400,4318.27,4402.354,4309.6,4331.575,0
1767567600,4331.575,4455.743,4331.575,4446.76,0
1767654000,4449.09,4497.32,4428.14,4495.01,0
1767740400,4495.01,4500.64,4423.663,4456.24,0
1767826800,4456.24,4479.64,4407.84,4477.83,0
1767913200,4478.83,4517.23,4452.99,4509.015,0
1768172400,4508.98,4630.24,4508.98,4597.939,0
1768258800,4597.2,4634.58,4569.85,4586,0
1768345200,4586,4643,4586,4626.82,0
1768431600,4626.82,4632.743,4581.35,4615.93,0
1768518000,4615.93,4621.15,4536.6,4595.515,0
1768777200,4670.24,4766.23,4659.74,4762.97,0
1768950000,4762.97,4888.43,4756.06,4832.97,0
1769036400,4831.25,4940.685,4772.635,4938.37,0
1769122800,4935.96,4989.943,4899.9,4988.17,0
1769382000,4988.17,5111.17,4988.17,5009.99,0
1769468400,5011.7,5190.4,5011.7,5180.35,0
1769554800,5178.8,5415.89,5157.501,5415.89,0
1769641200,5420.57,5598.75,5097.66,5379.35,0
1769727600,5384.71,5451.01,4682.908,4895.118,0
1769986800,4895.118,4895.118,4402.4,4659.342,0
1770073200,4669.08,4993.84,4666.61,4946.04,0
1770159600,4946.67,5091.95,4850.709,4964.195,0
1770246000,4965.98,5023.72,4759.89,4776.48,0
1770332400,4782.49,4971.39,4655.295,4967.27,0
1770591600,4983.54,5086.53,4965.43,5058.81,0
1770678000,5058.76,5078.67,4987.67,5023.88,0
1770764400,5026.17,5119.159,5018.78,5084.75,0
1770850800,5086.07,5100.21,4878.686,4921.109,0
1770937200,4923.07,5046.261,4886.69,5042.2,0
1771196400,4995.6,5000.85,4841.67,4878.98,0
1771369200,4876.64,5010.9,4854.298,4976.01,0
1771455600,4975.98,5022.28,4960.23,5001.18,0
1771542000,5001.18,5108.36,4981.87,5108.36,0
1771801200,5108.14,5237.84,5099.51,5225.66,0
1771887600,5226.635,5249.872,5093.4,5142.43,0
1771974000,5143.03,5217.7,5121.15,5164.31,0
1772060400,5160.5,5205.472,5130.53,5181.1,0
1772146800,5181.1,5279.098,5167.142,5278.607,0
1772406000,5281.53,5419.32,5260.56,5321.92,0
1772492400,5323.15,5379.867,4996.36,5088.52,0
1772578800,5101.22,5206.138,5083.91,5140.94,0
1772665200,5134.86,5194.953,5051.15,5084.63,0
1772751600,5086.76,5174.651,5062.7,5171.798,0
1773007200,5180.27,5197.868,5014.8,5139.57,0
1773093600,5139.49,5238.623,5117.71,5190.61,0
1773180000,5187.03,5223.22,5149.322,5176.27,0
1773266400,5176.15,5191.77,5055.15,5077.94,0
1773352800,5080.27,5128.43,5009.84,5018.098,0
1773612000,5004.25,5038.112,4967.63,5007.42,0
1773698400,5007.38,5044.53,4973.72,5006.63,0
1773784800,5005.96,5016.41,4807.1,4818.77,0
1773871200,4828.6,4867.186,4502.836,4654.23,0
1773957600,4654.21,4736.48,4477.45,4491.67,0
1774216800,4468.254,4536.37,4098.742,4407.35,0
1774303200,4417.14,4484.24,4305.946,4469.88,0
1774389600,4470.18,4602.631,4456.092,4505.31,0
1774476000,4525.85,4544.42,4351.29,4381.91,0
1774562400,4377.86,4555.51,4370.61,4493.118,0
1774821600,4497.74,4580.78,4418.17,4513,0
1774908000,4512.984,4687.34,4482.796,4671.792,0
1774994400,4674.4,4793.135,4661.91,4758.67,0
1775080800,4758.5,4800.46,4553.837,4676.86,0
1775426400,4648.41,4706.75,4600.737,4649.31,0
1775512800,4658.85,4718.742,4607.52,4701.4,0
1775599200,4721.83,4857.55,4699.56,4719.45,0
1775685600,4719.9,4801.25,4698.45,4769.35,0
1775772000,4769.35,4795.1,4730.812,4746.898,0
1776031200,4683.18,4750.14,4639.32,4744.6,0
1776117600,4744.48,4846.35,4742.5,4840.661,0
1776204000,4840.701,4871.52,4786.54,4790.711,0
1776290400,4790.422,4838.41,4772.48,4787.431,0
1776376800,4791.488,4890.967,4767.85,4837.49,0
1776636000,4792.17,4827.63,4737.33,4822.8,0
1776722400,4814.634,4833.231,4668.62,4719.7,0
1776808800,4720.792,4772.307,4715.79,4744.37,0
1776895200,4745.73,4753.819,4664.31,4704.46,0
1776981600,4703.05,4740.32,4657.87,4708.62,0
1777240800,4708.62,4730.19,4666.7,4681.53,0
1777327200,4685.59,4701.28,4554.967,4596.44,0
1777413600,4600.27,4610.447,4510.3,4543.54,0
1777500000,4544.09,4646.95,4539.56,4616.55,0
1777586400,4616.55,4660.28,4560.11,4614.22,0
1777845600,4613.16,4639.01,4500.87,4521.19,0
1777932000,4524.92,4586.543,4513.74,4555.608,0
1778018400,4560.42,4723.085,4546.42,4691.14,0
1778104800,4693.64,4764.73,4677.19,4677.19,0
1778191200,4687.8,4749.39,4673.02,4713.56,0
1778450400,4686.15,4748.61,4647.96,4732.77,0
1778536800,4735.12,4773.58,4638.315,4714.28,0
1778623200,4713.08,4727.09,4669.55,4689.402,0
1778709600,4692.3,4718.95,4644.5,4649.5,0
1778796000,4653.8,4665.36,4511.54,4539.39,0
1779055200,4531.02,4585.03,4480.5,4566.39,0
1779141600,4566.28,4589.37,4464.943,4483.7,0
1779228000,4483.64,4552.81,4453.68,4543.09,0
1779314400,4538.86,4570.89,4488.65,4542.748,0
1779400800,4542.56,4546,4491.728,4508.93,0
1779660000,4569.051,4580.27,4482.666,4507.02,0
1779832800,4510.15,4539.6,4401.747,4455.9,0
1779919200,4456.25,4516.65,4366.67,4495.83,0
1780005600,4497.82,4595.35,4489.17,4538.16,0
1780264800,4537.87,4546.106,4447.74,4484.66,0
1780351200,4484.691,4541.538,4463.12,4487.14,0
1780437600,4489.358,4496.733,4426.587,4433.548,0
1780524000,4434.92,4515.43,4424.09,4475.957,0
1780610400,4476.57,4481.46,4311.83,4328.92,0
1780869600,4328.92,4353.5,4268.68,4329.718,0
1780956000,4331.185,4363.54,4236.77,4260.61,0
1781042400,4253,4257.49,4067.32,4070.21,0
1781128800,4070.76,4220.18,4023.95,4212.57,0
1781215200,4209.03,4246.566,4170.31,4218.97,0
1781474400,4218.97,4369.45,4218.97,4309.56,0
1781560800,4309.62,4355.08,4306.129,4330.61,0
1781647200,4331.355,4382.45,4219.08,4252.47,0
1781733600,4257.81,4330.01,4201.51,4219.485,0
1781820000,4144.68,4221.13,4136.7,4191.942,0
1782165600,4192.31,4198.44,4090.93,4112.339,0
1782252000,4115.31,4115.31,3959.12,3991.7,0
1782338400,3995.08,4044.29,3962.42,4026.18,0
1782424800,4011.65,4096.73,3983.21,4088.87,0
1782684000,4086.469,4088.44,4000.046,4015.62,0
1782770400,4017.68,4063.42,3942.71,4007.26,0
1782856800,4011.62,4115.675,3960.19,4031.14,0
1782943200,4035.2,4144.15,4030.9,4122.752,0
1783029600,4174.96,4203.21,4128.57,4165.045,0
1783375200,4165.66,4180.46,4092.39,4100.977,0
1783461600,4098.072,4134.02,4021.85,4078.96,0
1783548000,4077.52,4138.09,4054.34,4123.21,0
1783634400,4124.432,4134.84,4072.661,4120.345,0
1783893600,4119.6,4119.6,3986.62,4001.54,0
1783980000,4002.551,4103.78,3983.7,4052.856,0
1784066400,4052.711,4081.5,4017.54,4060.85,0
1784152800,4062.68,4068.58,3969.458,3977.582,0
1784239200,3976.319,4024.12,3959.778,4018.44,0
1784498400,4017.4,4040.808,3982.71,4009.2,0
1784584800,4009.41,4087.43,3999.95,4079.807,0
1784671200,4082.3,4166.07,4076.188,4128.354,0
1784757600,4122.592,4141.05,4040.28,4048.671,0
1784844000,4049.311,4082.14,4022.12,4052.6,0
1785103200,4052.28,4116.43,4052.28,4080.119,0
1785189600,4079.304,4082.617,4011.58,4028.3,0
1785276000,4027.48,4116.46,3996.07,4065.94,0
1785362400,4068.59,4120.28,4028.59,4102.234,0
1785448800,4103.62,4111.79,4021.079,4041.18,0
1785708000,4041.18,4083.14,4019.16,4054.59,0
1785794400,4054.59,4106.38,4042.53,4077.59,0
1785880800,4077.9,4267.8,4065.52,4249.93,0
1785967200,4248.8,4304.15,4245.76,4254.16,0