time,open,high,low,close,Volume
920903400,43.13523751,43.64938001,41.89602225,42.23878392,23664406
921508200,42.5551793,44.92814469,42.10695251,43.21433636,27248600
922113000,43.39890033,44.26898764,40.92046981,43.66256315,40824202
922717800,44.18988879,45.71913316,43.92622597,45.19180751,27026798
923319000,45.92346973,47.45930778,45.40273777,47.09017983,38042402
923923800,45.98279598,47.16927867,43.13523751,43.84712713,77074602
924528600,44.13715623,47.01108098,41.21049892,46.66831931,68509604
925133400,46.9847147,48.32939508,43.71529572,45.32363893,64024004
925738200,45.19180751,45.87733085,43.05613866,44.69084815,70784592
926343000,44.98087726,47.24837752,44.45355162,45.0599761,53981796
926947800,44.66448187,46.39806281,44.22284454,44.61174931,43628994
927552600,44.69084815,44.769947,41.28959776,43.89985969,90417592
928157400,43.82076085,44.4996905,41.82351287,44.34808649,43091802
928762200,44.65788819,45.58730175,43.2934352,43.68892944,53970994
929367000,43.84712713,46.58922047,42.76610956,46.45738906,60015800
929971800,46.77378444,48.17119739,45.71913316,46.14099367,54659398
930576600,46.5364879,50.57052906,46.15417681,49.56861034,46258800
931181400,49.83227316,50.54416278,48.88308701,50.49143022,34730996
931786200,50.67599419,52.07340714,49.59497662,51.78337804,32409200
932391000,51.9943083,51.9943083,47.82843572,48.32939508,59914194
932995800,47.67023803,49.30494752,47.06381354,47.74933688,58595786
933600600,47.82843572,48.77762188,45.35000521,46.68150245,66962408
934205400,46.85288329,48.69852303,44.66448187,48.64579047,64909604
934810200,48.61942419,49.64770919,47.83502519,48.90945329,46992796
935415000,49.35768009,52.09977342,49.24562128,50.5177965,54283796
936019800,50.72872676,52.88416821,49.0412847,52.8643956,64262602
936624600,52.75893048,53.7806218,51.49334894,53.25988984,46241000
937229400,53.20715727,53.56969154,50.78804878,53.41808753,63236800
937834200,53.57628522,53.78721548,49.46314521,50.68917733,74231588
938439000,51.41425009,51.78337804,49.56861034,50.80123192,85999398
939043800,51.07148842,53.94541317,50.78145932,53.79380494,95595612
939648600,53.94541317,54.57820394,50.20799057,50.5177965,111602804
940253400,50.57052906,53.36535496,48.44144967,52.2843374,112902592
940858200,52.04704086,55.89651805,50.99897904,55.47465753,75724796
941466600,55.47465753,58.40131485,55.00665392,57.53122754,76452398
942071400,57.74215779,60.95884421,57.55759382,60.90611164,89229592
942676200,60.95884421,64.04369921,59.19230331,63.93823409,87397592
943281000,64.0700655,66.46939717,62.64628626,65.54657729,69552200
943885800,65.41474588,67.65587986,62.22442575,66.75942627,106062602
944490600,67.01649541,67.91954268,65.17744934,67.07582166,107850398
945095400,67.18787624,71.61082218,65.75750755,70.6880023,126875806
945700200,71.21532794,76.56768321,70.60890346,75.64486334,81250398
946305000,76.19855526,79.09884629,74.16835154,77.09500885,87480796
946909800,81.1554163,81.1554163,67.49768217,74.6693109,177778006
947514600,76.77861347,79.25704398,72.56000833,78.2023927,138293214
948205800,77.67506706,81.7354745,77.14774142,81.20814886,80396408
948724200,82.21006758,82.36826527,71.50535705,72.34907807,150744406
949329000,72.4545432,82.88899723,70.45070576,81.76184078,145812804
949933800,82.05186989,86.27047502,81.20814886,83.52838168,118254204
950538600,84.36550903,87.11419605,80.89175347,83.37018399,134040592
951229800,83.52838168,90.70001041,81.20814886,87.90518451,150872806
951748200,87.11419605,93.75849914,84.79396322,92.40722507,151411206
952353000,94.28582478,98.24076709,89.67172541,96.7642553,166009970
952957800,92.80931298,96.28966222,85.21582374,93.49483632,214549820
953562600,93.65303401,101.66838377,87.37785887,99.45361607,120219184
954167400,99.5590812,100.82466274,87.32512631,92.38745247,130944183
954768600,90.92411959,92.07105708,74.51111321,89.43442887,185878032
955373400,90.80547554,90.85820811,53.25988984,67.28675191,203469904
955978200,65.82341904,78.99338116,65.81024011,73.29826423,140968704
956583000,70.3979732,79.94256732,67.39221704,79.73163706,147399200
957187800,80.78628835,81.7354745,72.15132674,77.20047398,108413792
957792600,76.35675295,76.56768321,67.07582166,71.45262448,111050110
958397400,71.55808961,77.20047398,68.60506602,68.9214614,109349392
959002200,68.86872884,69.71244987,60.95884421,65.54657729,173084400
959693400,67.49768217,79.40205432,67.49768217,78.67698578,121775712
960211800,77.83326475,80.4171604,75.56576449,78.9406486,105822320
960816600,79.57343937,80.4171604,75.39437944,79.45478688,101535285
961421400,79.32295547,84.13480617,77.14774142,77.31911803,107911408
962026200,78.51878809,80.57535809,76.46221808,78.62425321,92372414
962631000,78.88791603,81.84093963,75.987625,80.49625924,61201600
963235800,79.88983475,85.32128887,78.30785783,84.89942835,81669692
963840600,85.16309117,86.11227733,80.7071895,82.10460245,88301392
964445400,82.63192809,83.52838168,72.56000833,73.24553167,119800112
965050200,73.931055,78.26830419,70.29250807,75.93489244,124299386
965655000,76.67314834,79.6789045,74.14198526,76.67314834,83976612
966259800,77.09500885,81.52454424,76.10626906,80.27214163,70685898
966864600,80.9972186,84.33254907,79.16475778,83.00105604,74859507
967469400,82.89559091,87.33830523,82.48690932,86.48140528,63397199
968160600,85.74314938,85.84861451,80.00847881,80.04803245,76607306
968679000,79.73163706,81.10268373,75.93489244,77.09500885,137741296
969283800,77.4641368,80.35124047,73.82558987,78.41332296,147265408
969888600,78.99338116,79.52070681,74.24745039,74.82750859,130066016
970493400,76.1458227,76.1458227,68.5556324,70.02884525,158147904
971098200,69.6597173,70.71436858,62.69901883,68.55233345,208200592
971703000,68.44686832,74.14198526,62.90994908,72.82367115,227621600
972307800,72.71820602,73.82558987,62.11896062,67.26038563,230119104
972916200,65.96843781,70.81983371,63.87231416,70.08157781,180972096
973521000,70.55617089,70.97803141,60.5369837,60.5369837,202328608
974125800,59.86463928,65.86297268,57.59713902,61.44661621,241399904
974730600,59.85146036,60.80064652,56.1074483,59.42959985,165583184
975335400,61.22250703,61.53890241,51.04512214,53.99814574,282372768
975940200,54.10361086,62.43535601,52.09977342,57.37302984,296251776
976545000,60.79734757,63.09451306,52.78529676,53.89268061,235064800
977149800,54.97369817,55.65922151,45.77186572,51.04512214,347735680
977841000,51.12422099,52.71937683,48.93581957,49.25221496,151218304
978445800,49.41041265,55.05279702,44.00532482,47.77570316,307969056
978964200,47.51204034,54.52547138,45.15225387,52.93030709,309281008
979655400,52.78529676,57.63669266,51.0978547,55.94925061,204669696
980173800,55.58012266,58.322216,53.15442471,55.30327248,242223200
980778600,54.63093651,57.37302984,50.62326163,51.93102922,226240416
981383400,51.62728965,53.25567123,47.24837752,47.58585749,243915728
981988200,47.45930778,51.03669337,45.66640059,46.51434022,307012704
982679400,47.02901849,47.11338215,40.69266514,43.18163373,324794144
983197800,43.94182638,44.37973446,38.51585645,39.40177197,444901552
983802600,40.07674879,42.74290723,37.92526017,38.05182676,288786208
984407400,37.12372519,38.23659323,34.22132486,34.67694265,409704880
985012200,34.96379936,36.98029262,33.3185518,36.11125996,479766832
985617000,36.67655305,36.88748331,32.06139903,33.03166977,348842208
986218200,33.04855263,33.62229137,28.34903495,30.62707328,408197136
986823000,31.04048815,36.11125996,30.24740726,36.11125996,318092256
987427800,35.38649516,43.02977238,33.66446054,40.83608927,479001456
988032600,39.6464595,40.26236741,36.36438471,38.09399594,364154816
988637400,39.0220975,41.6798103,38.06025553,40.66735351,345673088
989242200,40.4986093,41.00485035,38.04338111,38.43149278,273303600
989847000,38.22056253,41.16514048,37.17434845,40.53234971,307015088
990451800,40.64204188,43.83130736,40.2032985,41.33390156,326186176
991143000,40.92046981,40.92046981,37.19122288,38.8533533,277837296
991661400,39.09634495,41.75576207,38.21211688,39.95019907,292730112
992266200,39.57050773,40.89515818,34.82965616,35.94252419,371450528
992871000,35.9762646,37.31778103,34.81192114,36.49093442,339450496
993475800,36.79467399,39.24990218,35.84211295,38.55805094,297291920
994080600,38.51754389,39.21615334,35.00599385,35.14097234,173435312
994685400,35.35021516,37.4865168,33.63915735,36.40655388,314331408
995290200,36.59218095,37.00560425,34.71068306,35.14097234,303360096
995895000,35.63878462,35.77376311,33.16667358,35.39409709,311219440
996499800,35.54596687,37.12710008,34.93004209,36.43186551,253691600
997104600,35.89104877,36.15345445,33.09917589,33.98508297,280821584
997709400,34.24663649,35.18316683,31.81672837,31.85889755,283214800
998314200,31.93484931,33.23417126,30.82955789,33.15823637,284597488
998919000,33.14136194,33.66446054,30.16302672,30.90550122,305616288
999610200,30.81101291,31.63953852,28.13810469,28.43339861,353630944
1000128600,28.25622564,28.95651409,28.13134649,28.77089546,80367872
1000733400,26.3662821,27.67404969,22.94921194,23.78449575,483754448
1001338200,24.53540747,25.67442242,23.13483056,24.45103537,384105216
1001943000,24.34136007,28.0115381,23.49763904,26.79657138,487780528
1002547800,26.26503557,29.74116621,25.94527374,29.15056149,428289712
1003152600,28.78776145,30.37395698,26.99907287,28.30684046,468692240
1003757400,28.21403115,31.26830126,28.02841252,30.38238575,480660896
1004365800,30.37395698,30.5072649,27.70779853,30.036477,451961680
1004970600,30.59331601,33.24260003,30.50895234,31.83359435,444004064
1005575400,31.217678,33.95134257,30.62707328,33.21729684,449898912
1006180200,33.57165123,34.16227282,32.04452461,33.14136194,242259536
1006785000,33.39447825,34.56725048,30.99831897,33.45353029,426879760
1007389800,33.14979072,36.48250565,32.43263628,35.20847846,414825968
1007994600,34.86677145,35.65564217,33.38604948,33.8416504,360787568
1008599400,33.7657155,35.01442263,32.63512089,33.31010615,332119408
1009204200,33.36072097,34.42550535,33.03166977,34.02726902,123846606
1009809000,34.0103946,35.6809538,32.82918516,35.1578552,280508496
1010413800,35.53584222,35.94252419,33.8416504,34.46601239,363485504
1011018600,34.16227282,34.38163185,32.24701766,32.55919444,385943088
1011709800,32.90512006,33.3388011,31.49610594,32.76168748,292766640
1012228200,33.03506153,33.24935824,31.09112829,32.17951997,363341712
1012833000,32.02849391,32.12046794,29.50492432,30.51738955,446293504
1013437800,30.49207792,33.04855263,30.07021741,30.18833835,327390416
1014129000,29.84663133,29.91835606,27.91872879,28.39120413,388059312
1014647400,28.69326469,30.16302672,28.47558467,30.15459795,460526448
1015252200,30.12252811,32.93043169,27.62343486,32.62669212,453942080
1015857000,32.35670983,33.06542705,30.37395698,31.41173384,359802496
1016461800,31.75343242,32.01077577,30.28957644,30.94767884,350943328
1017066600,30.95612448,31.13414962,29.86771592,30.42458024,304003088
1017671400,30.20521277,31.13329746,28.83837627,28.9986917,393232304
1018272600,28.24693627,29.51336153,27.7491493,28.28152883,410674064
1018877400,28.52029344,29.95209646,28.0115381,29.07463503,364103264
1019482200,28.69494369,28.70338934,26.16378061,26.18909224,409988352
1020087000,26.36121977,27.16360691,20.14805813,25.09227178,468712352
1020691800,25.00535164,26.90626355,23.97855159,24.94039356,547402736
1021296600,25.20194708,28.37433814,25.03742148,27.78372499,579019296
1021901400,27.50531392,27.58967759,25.65755643,26.35785332,422200448
1022592600,26.55273601,26.59998438,25.22725027,25.34537122,314315296
1023111000,25.31838058,25.52256107,23.21920267,23.87730507,470081312
1023715800,23.92792833,24.25697953,22.10549091,23.30357477,530447680
1024320600,23.6258762,24.5944595,21.64143591,21.78488536,483096672
1024925400,21.47860619,22.61172353,17.37221595,22.02112724,634684320
1025530200,21.91818484,22.26579791,19.48151852,22.22361185,334240832
1026135000,22.10549091,22.40079327,19.85275577,20.92428147,603944528
1026739800,20.82978472,22.30798396,20.03837439,20.24087588,685497264
1027344600,20.1269651,20.67116516,18.25812303,19.12715568,737279248
1027949400,19.63928591,20.83147216,18.41000125,18.77279285,479823552
1028554200,18.65467191,20.0105316,17.97125788,19.68401156,531195792
1029159000,19.44776967,21.09302568,18.95841148,20.83990937,470019760
1029763800,20.89896984,22.11393656,20.82302651,21.21957539,422946624
1030368600,21.34614199,21.53008161,19.42245804,19.81901536,447957664
1031059800,19.45620689,19.76837523,18.50279369,19.27903391,342887376
1031578200,19.13306173,20.54461545,18.8909138,19.39715485,371641072
1032183000,19.28746268,19.58277348,18.12312766,18.28343466,404799424
1032787800,18.09781603,18.84029054,17.42283077,17.97969509,459006752
1033392600,17.77721048,18.55343382,16.96732266,17.16973134,444721696
1033997400,17.09377957,18.88247659,16.67191906,18.74748122,511662080
1034602200,18.45217886,20.12275493,18.37624397,20.08899766,475578320
1035207000,19.84431856,20.97490473,19.65869993,20.77241169,424960064
1035815400,21.09302568,21.43050565,19.7177604,21.30395593,452349248
1036420200,21.97893276,22.62860638,21.05928527,21.15209459,466707008
1037025000,21.05083963,22.31642117,20.37585437,22.30798396,438373760
1037629800,22.54000724,25.05851451,21.34614199,23.38794687,420195200
1038234600,23.42168728,23.86885942,22.69608719,23.38794687,261103552
1038839400,23.97855159,24.29071993,21.71738768,22.33329559,459995120
1039444200,22.12236533,22.40079327,21.10145445,21.12676608,344950736
1040049000,21.2786443,22.10549091,20.93271868,21.36302484,352477920
1040653800,21.24488703,21.86081181,20.88209542,20.94116433,139134318
1041258600,20.95803031,21.69207604,20.48554654,21.66674754,208883120
1041863400,21.69207604,22.99982676,21.26176988,22.86484827,389300192
1042468200,23.05889567,23.17701661,21.32083036,21.3545792,322817712
1043159400,21.4389513,21.80175134,20.78928611,20.94116433,302233328
1043677800,20.62897911,21.47270014,20.25773342,20.6205419,398740976
1044282600,20.69478935,20.97490473,19.95399385,20.08899766,378800320
1044887400,20.16408883,20.76397448,19.67558279,20.66273639,342750640
1045578600,20.83990937,21.40520246,20.67959394,21.23645825,249932880
1046097000,21.20270941,21.2786443,20.31680233,21.22802104,308602464
1046701800,21.32083036,21.49801177,20.21556425,20.70490557,318619424
1047306600,20.52773259,21.91987228,19.86118454,21.70050482,407269680
1047911400,21.45581728,23.42168728,21.38833647,22.92390031,516256176
1048516200,22.33329559,22.5864119,21.89456065,22.00424439,341713584
1049121000,21.59926673,22.65391802,21.27021553,21.97893276,375655888
1049722200,22.87327704,22.94921194,21.34614199,21.52331496,339932688
1050327000,21.59926673,22.76359331,21.5072927,22.62860638,259066096
1050931800,22.73659424,23.4132585,22.45985374,22.73828168,330100848
1051536600,22.82265378,23.86885942,22.73828168,23.86043065,351568624
1052141400,23.89839809,24.38352925,23.42168728,23.97011438,367585552
1052746200,23.92792833,24.45948101,23.76762133,24.21479348,328144400
1053351000,24.06292369,24.19791062,23.12639335,23.7085693,328297760
1054042200,23.56511985,25.20194708,23.53980822,25.13444096,353767520
1054560600,25.3791285,26.55190072,24.18104464,25.42131455,519088944
1055165400,25.31163081,25.94442158,24.91508193,25.27789041,415228624
1055770200,25.45506339,26.35785332,25.31163081,25.6322448,370667264
1056375000,25.59005875,25.79256024,24.86445867,25.16819824,425804928
1056979800,25.44662618,26.23973238,24.68726882,25.80098901,310046992
1057584600,26.13004021,27.41250461,26.12329888,26.8640775,431852368
1058189400,27.28930446,27.63186364,26.08785416,26.39159373,433466768
1058794200,26.35785332,27.01594729,25.82630064,26.83032866,439403136
1059399000,26.88095192,27.27750081,26.34940768,26.54347195,352743696
1060003800,26.50971467,26.93157519,25.2525619,25.37069972,438529072
1060608600,25.3791285,26.4000225,25.33694244,26.29878442,260901392
1061213400,26.41690536,28.15497067,26.19753789,27.37031012,364311984
1061818200,27.30281244,28.230914,26.83876587,28.1718451,278819024
1062509400,28.25622564,28.97338007,27.95247763,28.63589166,320712112
1063027800,28.68651492,29.13368707,27.85122267,28.53465357,471073200
1063632600,28.55151956,29.41211501,28.21740603,29.17587312,383523376
1064237400,28.79619866,29.36149174,27.4378078,27.48843106,515609616
1064842200,27.64029241,29.0830638,27.30027284,28.84682192,520006880
1065447000,28.92275681,29.75804063,28.69494369,29.53866472,387526336
1066051800,29.64835689,30.24740726,29.19275598,29.20118475,395087264
1066656600,29.23492515,30.10395781,28.25622564,28.85525913,441172432
1067265000,28.92275681,30.37395698,28.72025533,29.6820973,395901184
1067869800,29.89302755,30.52581832,29.65678567,30.0617802,353915696
1068474600,30.12084067,30.3908314,29.40368623,29.56397635,381409056
1069079400,29.39524058,29.50492432,28.45871024,28.88224976,502881360
1069684200,29.12524986,29.96897088,29.0830638,29.85084994,262438240
1070289000,30.12928632,30.4752035,29.49479123,29.56397635,445796032
1070893800,29.54711037,29.91835606,28.79619866,29.73273743,481340176
1071498600,30.31488807,30.3655282,29.04087775,29.91835606,444500496
1072103400,29.82554675,30.46143401,29.77490661,30.25887265,200999104
1072708200,30.41079156,31.05225416,30.40235115,30.68932504,227416608
1073313000,30.87501402,32.36897476,30.85813321,31.84566099,374256432
1073917800,31.94695433,32.60529775,31.73594412,32.55466374,421682752
1074609000,32.68970183,32.91759286,31.88786303,32.08198399,374084000
1075127400,32.0566712,32.62217013,30.94253729,31.28860248,538470144
1075732200,31.39831935,31.87097378,30.66315133,31.34008053,482540384
1076337000,31.51648506,31.82033977,31.02693293,31.17886873,377789360
1077028200,31.46584261,31.9891395,30.8496928,31.11134546,374140064
1077546600,31.22951118,31.2548324,30.30105781,30.86658206,495298880
1078151400,30.95940967,31.38143009,30.56272735,30.91721607,439573520
1078756200,30.96785852,31.07759227,29.37262132,29.97188188,644170192
1079361000,29.8452842,30.06473481,29.22913438,29.33041928,543068128
1079965800,29.1447303,30.03434934,28.70245289,29.72711848,600237392
1080570600,29.97188188,31.36455771,29.95501795,31.3139237,524930624
1081171800,31.26326437,31.6515316,30.94253729,31.17886873,334425424
1081776600,31.28860248,31.53336588,30.20821332,30.46143401,504432176
1082381400,30.3939023,31.44895336,29.92124787,31.40676819,554672016
1082986200,31.38143009,31.47427458,29.30509806,29.3473001,581799072
1083591000,29.54142949,30.17446012,29.41483181,29.51610827,581287120
1084195800,29.26289601,29.92124787,28.92527968,29.33041928,747624016
1084800600,29.01812417,29.97273436,28.79023314,29.55746627,595685744
1085405400,29.79464174,30.8496928,29.49839185,30.8496928,507027168
1086096600,30.60491251,30.94253729,30.23355142,30.54583809,383203808
1086615000,30.75684831,31.38987894,30.67244422,31.09446464,335638688
1087219800,30.90033525,31.22107921,30.46988286,30.75684831,399378864
1087824600,30.82437157,31.55868711,30.39813095,31.50804466,435818864
1088429400,31.64309963,31.9891395,30.91721607,31.07759227,456752304
1089120600,30.89190328,30.89190328,30.00565196,30.17446012,421527200
1089639000,30.02254121,30.22510257,29.21984993,29.26289601,494346992
1090243800,29.35574051,30.0900476,28.72270987,28.87464567,602629504
1090848600,28.89996689,29.62584202,28.4441764,29.448585,553765872
1091453400,29.21225356,29.55831031,27.00930696,27.61701637,512876496
1092058200,27.69298005,28.26016705,27.3047297,27.4482082,511766992
1092663000,27.52417188,28.81640685,27.5039149,28.70582062,474367376
1093267800,28.73959069,29.27132798,28.53702089,29.17005152,375298544
1093872600,29.04344539,29.44014459,28.40196591,28.81640685,414080832
1094563800,29.03499655,29.70179725,28.79867355,29.64271439,411545824
1095082200,29.7524397,30.15757931,29.62584202,29.90435861,428106944
1095687000,29.7861929,30.25887265,29.33041928,29.37177728,502463200
1096291800,29.22069397,30.51206802,28.89151804,30.46988286,462262688
1096896600,30.68932504,31.18730914,29.96344991,30.03097318,483926368
1097501400,30.12381767,30.50363605,29.71023766,30.07317522,511084048
1098106200,29.97188188,31.05225416,29.87903739,30.21666217,585098576
1098711000,30.15757931,31.43208942,29.88748624,31.14509865,565777744
1099319400,31.21263036,32.20859855,31.06070301,32.03979883,552584672
1099924200,32.03134998,32.71501462,31.76969732,32.63061898,449426192
1100529000,32.61373816,33.22144757,32.34365353,32.64749135,519177680
1101133800,32.58841693,33.32273247,32.47869162,33.09484988,277293824
1101738600,33.30586009,34.2596178,32.89227164,33.87135901,521508384
1102343400,33.86291861,34.18365413,32.7572251,33.70254241,509286240
1102948200,33.94732269,34.33557304,31.70723707,33.63727934,450068048
1103553000,33.71823034,34.02497498,33.30920623,33.87841958,311284384
1104157800,34.06758929,34.22097013,33.57335361,34.01219324,265881008
1104762600,34.15280087,34.33345794,32.55935286,32.84906371,593376128
1105367400,32.75533097,33.12174076,32.38891266,32.74680129,519641376
1106058600,32.61899244,33.05356298,31.5197716,31.57089002,433949008
1106577000,31.63053813,31.77538929,31.06815023,31.46011497,586925312
1107181800,31.83504592,32.2270277,31.52828423,32.16737108,458404480
1107786600,32.20997687,32.38891266,31.42603034,32.12476529,457486176
1108391400,32.13329497,32.7894156,31.74982582,31.82653328,454595776
1109082600,31.55384771,32.12476529,31.27010167,32.05659602,398040752
1109601000,31.92026602,32.39744234,31.46267132,31.97138444,460048752
1110205800,32.04807487,32.62750508,31.54524134,31.67314392,483508752
1110810600,31.73280054,31.93729981,30.97441749,31.11073898,536263744
1111415400,31.19595908,31.31525529,30.73582507,30.90623971,382208624
1112020200,31.02553592,31.4294388,30.6250415,30.8465916,524931552
1112621400,30.89771003,31.58794086,30.70173192,31.22152255,429954800
1113226200,31.31525529,31.34081876,29.55136708,29.60251107,654634112
1113831000,29.58546023,30.42906339,29.47468518,29.90074307,588833136
1114435800,30.07968739,30.42053371,29.27018591,29.80701034,536128864
1115040600,29.88370928,30.69321076,29.72691145,30.55430736,420238448
1115645400,30.56539339,31.07666286,30.07968739,30.88068475,525922688
1116250200,30.88068475,32.11624413,30.7869435,32.09068065,459699632
1116855000,32.09068065,32.61047129,32.03103255,32.55935286,404786128
1117546200,32.54230202,32.95983024,32.31223076,32.46562012,359495440
1118064600,32.48265392,32.78173804,31.85208823,31.99439157,427398400
1118669400,31.93729981,32.58924208,31.74131318,32.29924823,428887792
1119274200,32.17131352,32.56363809,31.5213967,31.53164,506152752
1119879000,31.51458204,31.7789719,31.28429105,31.32268852,361106608
1120570200,31.25018366,32.24807434,31.17325225,32.21395842,380306192
1121088600,32.29924823,33.263023,32.23954536,33.16920421,426057392
1121693400,33.05831894,33.8540728,32.99691881,33.62124017,429297056
1122298200,33.63829813,34.04855061,33.42507362,33.75343936,347234224
1122903000,33.80887773,34.23532674,33.62721045,33.67241405,344902176
1123507800,33.70652997,33.84725814,33.23743605,33.44214011,413829392
1124112600,33.38242872,33.80034875,33.04127804,33.10950988,358517936
1124717400,33.16067523,33.41653611,32.64040744,32.80237277,362059584
1125322200,32.63186993,33.39094917,32.63186993,33.06685645,384116960
1126013400,33.21184911,33.85152263,33.17772466,33.79096687,284534640
1126531800,33.80034875,34.0391602,33.3056679,33.60417368,368087744
1127136600,33.53595889,33.72444083,32.61482902,33.04979849,494669200
1127741400,33.23743605,33.67241405,32.78967312,33.65536462,402533152
1128346200,33.73211691,34.01357326,32.34189313,32.7001103,526707136
1128951000,32.65745687,32.80331096,31.83868329,32.46129885,594989504
1129555800,32.46129885,33.14361727,32.07749474,32.87921888,527982432
1130160600,33.01739689,33.49671705,32.34189313,32.68476666,519587744
1130769000,32.77686259,34.31208757,32.76834214,34.18415286,528618752
1131373800,34.28650063,34.89888141,34.04768918,34.72148715,417555072
1131978600,34.76411499,35.52405566,34.44002227,35.35262316,402376832
1132583400,35.30741956,35.83877503,35.1735231,35.72789829,245581840
1133188200,35.78760968,35.93515251,35.13001677,35.91296863,405048560
1133793000,35.86436197,36.08611546,35.19910151,35.57864113,395555248
1134397800,35.71084033,36.00167856,35.48738105,35.54913279,331484384
1135002600,35.64317811,35.66028581,34.83951806,35.39780531,311764960
1135693800,35.48073619,35.63461999,34.50608464,34.55054243,213345584
1136298600,34.74547274,36.50668518,34.33509314,36.48957748,390015328
1136817000,36.46392876,37.02820926,36.35279283,36.74607328,412988496
1137508200,36.48103646,36.60928863,35.18149251,35.26699681,500312432
1138026600,35.36104214,36.24164836,35.12165404,36.00226026,512846192
1138631400,36.02790898,36.18180988,34.86516679,34.98486084,459762784
1139236200,34.95921211,35.36959171,34.42058034,35.01906769,416273168
1139841000,34.81386934,35.52348406,34.45478719,35.23280706,443332128
1140532200,35.24134809,35.51492594,34.71982401,35.27553784,299722224
1141050600,35.36959171,35.91675596,35.02760871,35.43798831,445538368
1141655400,35.50638491,35.59188066,34.36074186,34.67707614,533232960
1142260200,34.84805909,35.83990383,34.72837359,35.46293329,451396864
1142865000,35.574156,35.94203795,34.92393948,35.3345994,466159552
1143469800,35.31748821,36.1902357,35.06938457,35.8735932,472707360
1144071000,36.06181625,36.83182818,35.84792642,36.20727845,470757760
1144675800,36.27570608,36.36127056,35.68538727,36.0190554,272843760
1145280600,35.96770473,36.66927192,35.41159973,35.93349091,519146832
1145885400,35.89927709,36.35272353,35.50571126,35.80516557,501789248
1146490200,35.8735932,36.1901587,35.31748821,36.0703804,422197552
1147095000,36.00193566,36.17304752,34.18815848,34.38492856,481082608
1147699800,34.24803908,34.51326246,33.15292316,33.6662673,802270496
1148304600,33.38392418,33.86303739,32.70803232,33.78604561,762113440
1148995800,33.63203637,34.2223723,32.97324715,33.91608206,491018944
1149514200,33.83737061,33.8459262,32.07492699,32.63957902,786180688
1150119000,32.68236554,33.18713698,31.79258386,32.82396982,875408016
1150723800,32.96095039,33.38046196,32.45583453,32.66129682,593801392
1151328600,32.67842796,33.50887268,32.00208638,33.19210511,550115792
1151933400,33.28627925,33.38901468,32.16475937,32.26748624,294036864
1152538200,32.35309054,32.47294854,30.64083337,30.76926122,745900320
1153143000,30.78210315,31.53121566,30.42680123,30.56379036,806373936
1153747800,30.69221821,31.79661552,30.64940322,31.77093166,539641760
1154352600,31.7452478,32.21611852,31.04321381,31.63395109,486869696
1154957400,31.60826723,31.94215738,31.04321381,31.27437708,529012384
1155562200,31.55689952,33.37189211,31.41991894,33.20921912,606013312
1156167000,32.93526653,33.22635025,32.46439581,32.80685581,417462624
1156771800,32.7726021,33.56881024,32.68698068,33.45750497,391275856
1157463000,33.48318882,33.7999564,32.84109239,33.14929868,396018432
1157981400,32.88389882,34.65925183,32.80676163,34.35942282,618544368
1158586200,34.36798912,34.83913553,33.85401122,34.15383166,621475136
1159191000,34.30802503,35.07899189,33.99106343,34.82199437,534712688
1159795800,34.77918001,35.60153609,34.16239796,35.47304161,540523488
1160400600,35.44305957,36.42390073,35.26745045,36.34679548,473367360
1161005400,36.34679548,36.50956372,35.62723498,35.97845322,543008736
1161610200,35.90992283,36.76655267,35.82426841,36.15835405,616254624
1162218600,36.12408029,36.63805819,35.64436758,35.91848056,608267248
1162823400,36.02985101,37.13491207,36.02985101,36.86078195,628372992
1163428200,36.88648085,38.05149743,36.83508306,37.94870185,536419056
1164033000,37.82877367,38.42841456,37.70027063,38.24851372,296994960
1164637800,38.13716041,38.2142571,37.05779825,37.40045875,686882752
1165242600,37.51181206,38.16285931,37.23769908,37.60604134,511677072
1165847400,37.55037754,38.38988886,37.31479577,38.10685342,472269248
1166452200,38.23551447,38.38132061,36.82032871,36.82032871,521269120
1167143400,36.82032871,37.40356182,36.77745313,37.01760441,249173744
1167834600,37.27491793,37.91818029,36.4686872,37.60941435,443603824
1168266600,37.63513627,38.89593907,37.42071549,38.86162316,627459552
1168957800,38.87877683,38.93880607,37.66086677,37.88386438,540086992
1169476200,37.91818029,38.14116933,37.12909464,37.36926307,679029248
1170081000,37.26633252,38.08112293,37.16341054,37.87528755,577661456
1170685800,37.85813389,38.35559011,37.42929232,37.60082895,558454704
1171290600,37.63513627,38.47566575,37.38640816,38.34702186,536874640
1171981800,38.29554371,39.06746712,38.10685342,38.81873043,419355376
1172500200,39.0074293,39.02458296,36.2285445,36.43437987,1052982800
1173105000,36.15992127,37.17198737,36.07415295,36.82032871,693886768
1173706200,36.77745313,37.12052639,36.10846886,36.75745122,664949872
1174311000,36.95484122,38.14776341,36.86043731,37.86455167,534327184
1174915800,37.88171601,38.03620373,36.9891785,37.3582034,580284064
1175520600,37.47835384,38.25933167,37.1608134,38.24216732,334883392
1176125400,38.37090851,38.40522863,37.71865471,38.31939831,465732704
1176730200,38.47388602,39.19478864,38.37948211,38.96306136,454789808
1177335000,38.99739863,40.07875256,38.90299472,39.96719288,496422016
1177939800,39.90710908,40.24181386,39.18620646,40.01867734,512090688
1178544600,40.0358331,40.31047125,39.53808418,40.14740995,532318880
1179149400,40.13882778,40.23323169,39.40076081,40.08734331,658318512
1179754200,40.11308984,40.65375821,39.45225386,39.86419821,623846432
1180445400,39.89853549,40.99704517,39.77838505,40.71383343,469962496
1180963800,40.56793647,40.88547691,39.61531516,40.25897821,798796336
1181568600,40.24181386,41.1149271,39.86419821,40.9946829,601100304
1182173400,41.09775795,41.15787146,40.43640627,40.61676397,643904944
1182778200,40.63395031,41.12351597,40.11002915,40.88303616,647347008
1183383000,40.97751375,42.00816972,40.95172996,41.96522536,255081744
1183987800,41.99957226,42.91859008,41.5014349,42.85845939,452615936
1184592600,42.85845939,43.5112222,42.63515733,42.98730105,627430560
1185197400,43.12473158,43.21061171,41.21800215,41.21800215,1018702192
1185802200,41.40695732,42.07688928,40.35051755,40.72842789,1070724336
1186407000,40.76279197,42.13700279,40.04990706,40.60818369,1012486800
1187011800,40.95172996,41.12351597,34.82787328,39.77506317,1070884224
1187616600,39.92107399,41.43272393,39.57751913,41.39835986,581921744
1188221400,41.26952679,42.13700279,40.11862661,41.97381424,524940496
1188912600,42.01675859,42.9443567,41.18363807,41.42412647,464060176
1189431000,41.75909245,42.4032578,41.06339387,42.27442473,502729504
1190035800,42.07688928,45.32347406,41.73332584,43.27604619,559941136
1190640600,43.38776817,44.41035811,43.25026618,44.1783466,453173424
1191245400,44.21271995,45.45874525,44.11819324,45.38827989,477932000
1191850200,45.37282047,46.35246091,44.92596694,46.00013409,620367632
1192455000,46.06888079,46.30949423,45.02049365,45.06346033,888690064
1193059800,44.82284689,46.58448961,44.6853535,46.34385898,1047816528
1193664600,46.56729434,47.32351661,46.06029604,46.7649411,764694192
1194273000,46.28371422,46.99696121,42.96668605,42.96668605,1170148400
1194877800,42.89793936,44.20412661,41.80657694,43.2072995,1316251472
1195482600,43.11277279,43.63696636,41.97846087,42.82919266,757505440
1196087400,42.94949938,44.90018693,42.02141037,44.09241323,919245632
1196692200,43.9463265,45.14938511,43.29323287,44.96893362,548005136
1197297000,45.06346033,45.40719382,43.73149307,43.80023976,687787680
1197901800,43.63696636,44.6461717,42.26202381,44.60317717,701556384
1198506600,44.74079751,45.27415162,44.24186139,44.61177091,226330720
1199111400,44.35370051,44.45692007,41.4719229,41.63535029,549246304
1199716200,41.64396124,41.94503478,39.9665122,40.47404206,1212543072
1200321000,41.02459226,41.29985876,38.50409603,39.0116517,1203084656
1201012200,36.84385168,39.45896513,35.79436536,37.84173252,1165437008
1201530600,37.86753096,39.46756748,37.48043395,39.2180134,931799808
1202135400,39.20949707,39.23530411,36.25888349,37.50624099,927608512
1202740200,37.66107463,38.60733279,37.37719719,37.69549262,684582624
1203431400,38.18581779,38.28044361,36.64600631,37.57504256,533067952
1203949800,37.52343708,38.30625065,36.86106498,36.94707984,713423808
1204554600,36.92986655,37.45460971,35.59651138,36.19008192,896005632
1205155800,36.13845064,37.36859484,35.4158621,36.34491556,1017999824
1205760600,35.49327462,37.50624099,35.31263394,37.09605886,753985120
1206365400,37.25962932,38.80064386,37.25962932,37.44042633,623826512
1206970200,37.57815266,39.90259223,37.40598184,39.48074401,662935424
1207575000,39.73039558,39.95423745,37.98278294,38.12052649,560369440
1208179800,38.06027229,40.40189537,37.60397958,40.21251521,605613936
1208784600,40.12641688,41.14226693,39.5409982,40.59129274,607718816
1209389400,40.67739107,42.34753157,40.48799369,41.98595476,563254064
1209994200,41.95151887,42.38196746,41.2128605,41.50386096,580336064
1210599000,41.56411515,43.13955696,41.49524338,43.05338115,622494128
1211203800,43.08790313,43.44947994,41.16811106,41.49524338,745057152
1211895000,41.59855964,43.2514822,41.57271551,43.05345864,466513440
1212413400,42.9759865,43.57000554,41.89986504,42.20978802,802796688
1213018200,42.2786598,42.34753157,40.46216678,41.64159589,899835120
1213623000,41.4263716,42.23561494,40.67166009,40.85256752,847435056
1214227800,41.02486853,41.35224043,38.74188025,39.32769504,860245552
1214832600,39.22432306,39.74122606,38.1474418,38.44896855,701267328
1215437400,38.81080065,39.65507556,37.77700326,38.3886632,1060168944
1216042200,38.87972105,39.47416812,37.30316689,38.41450835,1005544624
1216647000,38.7677254,39.53446486,37.78560969,39.00033175,707068864
1217251800,39.00033175,39.75844755,38.08714506,38.6643448,793107936
1217856600,38.65572975,40.86979762,38.1646719,40.76642564,697424688
1218461400,40.74918692,41.8433069,40.61134612,41.49008123,748737680
1219066200,41.60206827,41.61930698,39.95660231,40.91288149,677730640
1219671000,40.61995256,40.73195682,39.56031001,39.73261101,589880864
1220362200,40.37012472,40.55965582,36.88102943,37.43239264,791427120
1220880600,37.94067198,38.09575149,36.32966623,37.41515392,1061447872
1221485400,36.52780376,37.78527905,34.02944785,36.9835294,1993770464
1222090200,36.85422495,36.93181279,34.6731445,35.41453943,841223440
1222695000,34.70761936,34.81107844,31.12135413,31.19030386,1141920064
1223299800,30.3971837,30.62995585,25.32811998,27.00057763,2001336832
1223904600,28.3281832,31.16444125,25.21604865,27.8454144,1753253376
1224509400,28.26782848,28.67300943,24.21602757,25.44018268,1462805408
1225114200,25.12121906,28.81956424,24.70741724,28.35404581,1387824592
1225722600,28.28507884,29.31957478,26.20736264,26.88849769,892941376
1226327400,27.53506304,27.56092565,23.517737,24.98328512,1068271616
1226932200,24.56087105,25.19880691,21.59528269,22.99186384,1325215776
1227537000,23.46601177,25.31087823,23.25911086,25.10397732,634569136
1228141800,24.5694833,25.06088158,23.13875487,24.94880164,963356128
1228746600,25.47467479,26.57814632,24.54362068,25.58673749,852763632
1229351400,25.62985047,26.43159151,24.77639283,25.77969601,701064752
1229956200,25.77969601,25.83149715,24.81275021,25.14944893,212377568
1230561000,25.23578414,26.87615328,24.5710116,26.78981806,327015088
1231165800,26.60852274,27.30782937,25.83149715,25.96100861,611792880
1231770600,26.00416758,26.03005951,24.23430425,25.39982106,794550624
1232461800,25.28757664,25.40844594,24.13933551,24.95086929,655260384
1232980200,25.00268769,26.4617356,24.8213751,25.08901427,662321072
1233585000,24.83864214,27.20421847,24.81275021,27.0833578,805352704
1234189800,27.10062485,27.35098834,25.58975854,26.27179812,847028928
1234881000,25.44298867,25.6156591,24.51056831,24.92497736,685125488
1235399400,25.06311371,25.18398301,23.64721614,23.76808544,986804064
1236004200,23.41411105,23.92349747,22.19679311,22.70616226,929860000
1236605400,22.49032422,24.89907679,22.12780264,24.81275021,870664624
1237210200,24.95086929,26.07323575,24.33789788,25.23416605,864532560
1237815000,25.82222263,27.20587348,25.25007793,26.6524166,829661008
1238419800,26.19406783,28.01874598,25.6146763,27.97552446,797962944
1239024600,27.64690079,28.54625957,26.98967939,28.48573388,565942256
1239629400,28.36466518,28.97000865,27.54313627,28.80570114,669190880
1240234200,28.27818755,29.34185384,27.72473066,29.13431616,756629872
1240839000,28.90082654,30.18068693,28.84030084,29.7223641,615362928
1241443800,29.98179701,30.56119718,29.29862367,29.6012954,811787872
1242048600,29.21214603,30.02503583,28.50303805,28.85758772,727514144
1242653400,29.04783852,30.30175562,28.80570114,29.00459105,598066864
1243344600,28.70192797,30.6995614,28.69327156,30.59578824,496717120
1243863000,30.89845997,32.06590808,30.7946868,31.80647517,550624048
1244467800,31.59028107,32.19562454,31.23572276,31.69404559,589148672
1245072600,31.37408698,31.4818876,30.65632258,31.30871991,624441632
1245677400,30.99701805,31.60310499,30.1052044,31.49054599,556147824
1246282200,31.55115468,31.89749008,30.7372665,30.82385901,390946192
1246887000,30.63336588,30.77189138,29.69826031,30.23508017,616515248
1247491800,30.26105533,32.52956084,29.85411124,32.5208938,628390432
1248096600,32.68540311,34.19197074,32.56418572,33.81099315,611443632
1248701400,34.01878573,34.78938199,33.65514222,34.15732855,519999136
1249306200,34.5036726,34.79804903,33.97551112,34.5296391,554956144
1249911000,34.39976332,34.82402419,33.81099315,34.31317948,560912880
1250515800,33.74172607,34.94524158,33.3001571,34.88462422,500574944
1251120600,34.94524158,35.56864529,34.34781302,35.01450865,535480640
1251725400,34.77207388,35.14438443,33.78501799,34.94524158,503780928
1252416600,35.19632608,36.03619808,35.03183408,35.94961423,363472752
1252935000,35.69852106,36.93753687,35.68121295,36.78153601,468666112
1253539800,36.59086829,37.41420616,36.03619857,36.14019914,511146000
1254144600,36.33086686,36.97220372,35.29086113,35.42952856,649683424
1254749400,35.61152956,36.93753687,35.38619499,36.81620286,486147936
1255354200,36.94620358,37.52080675,36.64286858,37.0762043,412798256
1255959000,37.10220444,37.97755126,36.91153672,37.3795393,486658672
1256563800,37.41420616,37.92553364,35.46419542,35.49887094,620064128
1257172200,35.54218718,36.96352834,35.22152741,36.9202121,577115264
1257777000,37.1975383,38.27221089,37.16287144,38.1422015,439528880
1258381800,38.29821103,38.69687123,37.50954002,37.64820745,455370880
1258986600,38.02087617,38.48020337,37.1801962,37.70886578,251151360
1259591400,37.62220731,38.76621361,37.36220587,38.23754403,445813552
1260196200,38.20287717,38.64487961,37.54421554,38.24621074,376279568
1260801000,38.50620351,38.74021347,37.92553364,38.60057798,357649568
1261405800,38.78289317,39.92024688,38.78289317,39.92024688,239652960
1262010600,40.00706777,40.19807374,39.72055882,39.72055882,189483376
1262615400,40.2154466,40.41512597,39.86815434,40.41512597,387772080
1263220200,40.4585451,40.49326478,39.52955286,39.8073884,498686816
1263911400,39.90289138,40.49326478,38.23591286,38.34010662,606106256
1264429800,38.53979467,38.97389914,37.01174694,37.15065169,890233488
1265034600,37.25484545,38.17514692,36.56896039,37.31562007,706407184
1265639400,37.26352754,38.09700811,37.02042903,37.99281436,494407936
1266330600,38.2706499,39.11281257,38.07097053,38.9218066,312722000
1266849000,39.07807553,39.09544839,38.05359767,38.8610233,418643888
1267453800,39.02599168,40.4064352,39.02599168,40.31962299,342010464
1268058600,40.33699585,41.26597073,40.28488595,41.11837521,390872560
1268659800,41.03154564,41.67545669,40.72768119,41.27565912,374910912
1269264600,41.11920451,42.24040901,41.06705586,41.71891389,348533312
1269869400,41.91881702,42.32731472,41.53638495,41.85797694,251124192
1270474200,41.94488265,42.63151513,41.84059406,42.61413225,310079840
1271079000,42.63151513,43.62233934,42.46637777,43.04870427,372303328
1271683800,42.90094979,43.95262277,42.50113484,43.90915687,430226176
1272288600,43.91784831,44.02213691,42.57067505,42.79447964,505128080
1272893400,42.96178118,43.60495646,36.11293484,39.46783083,906423440
1273498200,41.21481035,42.40552899,40.31090055,40.78892108,584931088
1274103000,40.88452692,41.3538734,37.79908297,38.97241873,812962688
1274707800,38.94634441,39.97194306,37.57309682,39.63297689,648503376
1275399000,39.50259659,40.64986672,39.05716027,39.1918776,413270176
1275917400,39.40699075,39.58081086,37.88598868,39.54605379,475743936
1276522200,39.90240285,41.22352024,39.46783083,40.92744933,375850320
1277127000,41.44993612,41.51958245,39.14231591,39.42097088,486133520
1277731800,39.43837811,39.66479398,36.3731821,36.98273986,546336128
1278423000,37.52263387,38.86366093,36.79116456,38.85495296,287165792
1278941400,38.82012109,39.89120115,38.57629799,38.61112986,436764320
1279546200,38.73304141,40.14374093,38.1931474,40.10890035,418385072
1280151000,40.16114815,40.68362623,39.24682023,39.89120115,369146496
1280755800,40.38755532,40.91875007,40.10019238,40.71844939,283877456
1281360600,40.93614859,41.09290072,38.70691751,38.94203264,318238768
1281965400,38.73304141,39.89991782,38.57629799,39.116192,324012512
1282570200,39.40355494,39.48192665,37.41813825,38.37602343,436874688
1283175000,38.20185537,40.07406847,37.60099687,40.0653518,310820848
1283866200,39.89991782,40.6662103,39.73010374,40.57913932,246551136
1284384600,40.88390949,42.01792793,40.87520153,41.89136791,366295536
1284989400,42.05283232,43.37081095,41.99183911,43.34462612,419740864
1285594200,43.33588911,43.50173511,42.41070042,42.77727935,430626400
1286199000,42.64636392,43.52791994,42.0702976,43.42318061,411408928
1286803800,43.44936545,44.95062918,42.99548629,44.94190963,379691984
1287408600,44.96808573,45.14265128,44.00797521,45.07282506,392400384
1288013400,45.25612762,45.81473738,44.88080296,45.54414332,277283760
1288618200,45.7187176,47.01172463,45.3695865,46.8446654,397056832
1289226600,46.75739135,47.16769895,45.48305411,45.83217648,374474560
1289831400,46.0678487,46.15513147,44.38329987,45.7972721,361657088
1290436200,45.60524999,46.47807774,45.18629267,46.23194032,223915584
1291041000,45.99802248,47.08032889,45.28230372,47.01923095,384783648
1291645800,47.01050267,47.61275382,46.85338495,47.56474829,242821488
1292250600,47.75241499,47.82111897,47.15888339,47.68119757,302374912
1292855400,47.74241701,48.06601422,47.36635474,47.87535065,141369616
1293460200,47.76865391,48.03102294,47.41009165,47.62873251,143692800
1294065000,48.06513091,49.0192796,48.03102294,48.86185818,297034112
1294669800,48.73067367,49.86760611,48.60823479,49.85011485,255492288
1295361000,49.4303244,50.07749259,48.66944549,48.69568239,285601216
1295879400,48.79188436,50.15622079,48.51203282,48.7394193,356971776
1296484200,48.80938438,50.21743148,48.44206774,50.17807613,289173904
1297089000,50.27865967,51.1444687,50.19993147,51.10948617,264315552
1297693800,51.10073179,51.63421547,50.92582785,51.36310956,223994672
1298385000,50.72467826,50.83837151,49.08924467,50.41857232,343250272
1298903400,50.61098502,51.04390266,49.58338175,50.69625495,331526352
1299508200,50.90834533,50.9519773,48.81813876,49.40409625,430304048
1300109400,49.1329641,49.49154384,47.025275,47.68705426,540725120
1300714200,48.42271356,50.11300725,47.72699929,49.78020504,297672512
1301319000,49.99915386,50.7085393,49.2459699,50.32320688,248929312
1301923800,50.46332537,50.55966286,49.61379517,49.87654252,257063984
1302528600,50.06045953,50.17430417,49.17589752,49.61379517,265148224
1303133400,49.12335856,51.20775138,48.44900493,51.09389799,218746032
1303738200,51.14643695,51.92589477,51.04135027,51.74198652,224204432
1304343000,51.838324,51.9696933,50.86619121,51.20775138,284057872
1304947800,51.28657296,51.94341944,51.00632722,51.15520366,269626272
1305552600,50.93625484,51.09389799,49.90281638,50.59031569,258394816
1306157400,49.91158309,50.34948074,49.45616077,50.29691551,195057776
1306848600,50.76985373,51.1114139,49.28100171,49.3510741,207352128
1307367000,49.25473661,49.50870849,47.8096656,47.85345537,241961024
1307971800,47.9147698,48.58036547,46.95577394,47.21447603,274002688
1308576600,47.10037655,48.60133898,47.08282143,47.73236073,267170304
1309181400,47.77623974,50.89667041,47.67970416,50.83083872,266102400
1309872600,50.86594896,52.10358464,50.76061826,51.81392523,216744624
1310391000,51.26971663,51.53305215,49.91797268,50.77818215,385517440
1310995800,50.5016803,52.40202162,50.01452582,52.31425481,304269776
1311600600,51.90170081,52.51612987,50.41829349,50.90983675,317696640
1312205400,51.49793314,51.62960528,45.92419255,47.24959503,626826256
1312810200,45.82763941,47.31102916,43.82633861,47.0213873,838736736
1313415000,47.19692969,47.76747096,43.87902152,43.91412297,473880864
1314019800,44.9498836,46.88971515,43.94045565,46.63516597,418190560
1314624600,47.08282143,48.9261174,46.51228894,46.76682934,283846288
1315315800,45.67840336,48.42438341,45.56430389,46.67904498,227030560
1315834200,46.17873295,49.81738046,46.1436315,49.76462591,391188304
1316439000,49.15783868,50.43297038,46.38777199,47.61890786,457376880
1317043800,47.85635169,49.42166419,46.13275796,46.15913963,476024560
1317648600,45.76339698,48.06740506,44.05299408,47.54857432,489449360
1318253400,48.34880955,51.17164838,48.26966454,51.1628457,329392800
1318858200,50.91661676,51.25957849,49.06110589,50.38899213,365068848
1319463000,50.58245772,52.05983131,49.43274449,51.83119016,372347680
1320067800,51.36511397,51.56737345,49.35131306,50.82868665,366153616
1320676200,50.7847172,51.86636572,49.44804586,50.8726649,318527568
1321281000,50.73195386,51.32114452,48.63021405,48.71814416,327287824
1321885800,48.08498405,48.12896229,46.49329868,46.50209257,178144720
1322490600,47.62771054,50.42416769,47.61012276,49.79100758,247985600
1323095400,50.55608485,50.67039663,49.25457147,50.1427632,231197936
1323700200,49.61512978,50.13282611,47.99705394,48.38516802,307363600
1324305000,48.56156309,49.46117795,47.77660502,49.46117795,273973104
1324996200,49.39943086,49.76104958,48.89671373,49.24068412,109543120
1325601000,50.1932175,51.10165212,49.88452613,50.98699532,156501936
1326119400,51.11047187,51.56909905,50.65272666,51.31331738,174462656
1326810600,51.78078196,52.89206209,51.58674738,52.71566702,179308352
1327329000,52.74212628,53.62410163,52.39815589,53.27130267,224389632
1327933800,52.81268431,54.7883091,52.61864973,54.72657083,223221072
1328538600,54.52372532,55.54680791,54.38260044,55.10141917,212597664
1329143400,55.50270032,56.32294622,55.23811653,55.943688,353958832
1329834600,56.01424603,56.50816987,55.6438252,56.41115258,176934864
1330353000,56.09364145,57.397545,55.85549928,57.21374133,247107072
1330957800,57.17846232,57.45187468,55.76730175,57.34603764,229997232
1331559000,57.30193887,58.9336021,57.08144503,58.76844334,272726864
1332163800,58.85679037,59.62541835,58.70660042,59.13861739,250412896
1332768600,59.51939308,60.52654037,59.36920313,59.67841773,216010784
1333373400,59.59891424,60.56188802,59.11299675,59.82860768,182597632
1333978200,59.08649264,59.61657481,58.23836117,58.47689815,281747056
1334583000,58.77727804,59.34269902,57.63761021,58.02631947,288502752
1335187800,57.49624613,59.5900707,56.93965985,59.40455078,265514304
1335792600,59.21017848,59.74909536,57.15169272,57.16052742,272591856
1336397400,56.81597401,57.48742026,56.08269367,56.70111404,305197216
1337002200,56.21521422,56.7806352,53.67964567,53.72382801,307844192
1337607000,53.82100975,55.61445442,53.75917566,54.83700941,296589520
1338298200,55.33174393,55.79113965,53.35277049,53.36955643,227344016
1338816600,53.51180398,55.81764375,53.04354706,55.5437768,258969264
1339421400,55.96785137,55.99434665,54.49243833,55.7778155,257359040
1340026200,55.56528603,57.17690956,55.4501707,56.09659643,192063008
1340631000,55.64498126,56.81384465,54.49381907,56.81384465,194012032
1341235800,56.87582983,57.77904245,56.36222949,56.77842455,127037422
1341840600,56.69872932,57.12376169,54.77718875,56.12315265,216473904
1342445400,55.99919114,57.8321726,55.45902572,56.88025734,208180000
1343050200,55.78666167,57.54882064,55.03397564,57.44255147,236752448
1343655000,57.56651298,58.33690906,56.59246901,58.0889772,186003840
1344259800,58.39003922,59.25783173,58.26606886,59.20470158,113522592
1344864600,59.18699153,60.50639035,58.88592066,60.49754418,131510448
1345469400,60.4532602,60.99341676,59.85998233,60.47096139,180057488
1346074200,60.7454849,60.80746122,59.74485814,60.35585492,141242560
1346765400,60.24073958,61.58670348,59.70058302,61.48043432,134216608
1347283800,61.32989888,62.36593689,60.4001389,62.14456124,181818048
1347888600,62.16228015,62.64165665,61.8700643,62.29532479,161657312
1348493400,61.77139573,62.23317154,60.2528726,60.8922545,161871600
1349098200,61.18528677,61.98452303,60.50151223,61.25633809,160541808
1349703000,60.90112592,61.02545018,59.09842418,59.21385925,199390640
1350307800,59.44475604,60.6524774,58.25480416,58.32582883,226688608
1350912600,58.27255589,58.77873323,57.41115751,58.03279656,238003376
1351517400,57.99726646,58.79650271,57.48220882,57.8729422,109552400
1352125800,57.89515184,58.76097262,56.08800107,56.3277604,238585328
1352730600,56.64745135,56.71850266,54.4451448,55.32429491,284598640
1353335400,55.91927529,57.6509346,55.91040386,57.63316511,143401936
1353940200,57.51773004,58.72988267,57.05595422,58.43240136,164193088
1354545000,58.89418606,58.9385787,57.30460274,57.65980602,209599536
1355149800,57.49996943,58.91193779,57.25132091,57.4466876,204985936
1355754600,57.48220882,59.28490168,57.42004669,58.22173562,224630096
1356359400,58.09671963,58.20386726,56.7929903,56.95371623,119204262
1356964200,56.86441016,60.13269443,56.77512195,59.49868473,209588736
1357569000,59.34688852,60.08803693,59.08791788,60.06124779,139814016
1358173800,59.73977808,60.25771043,59.23267748,59.89160108,166303376
1358865000,59.96302093,60.53452263,59.43617673,59.82908415,145952512
1359383400,59.83800494,60.52560185,59.49868473,60.41844528,190928432
1359988200,60.052327,60.83814184,59.34688852,60.71313477,213065744
1360593000,60.73991498,60.92743898,60.32914814,60.49881271,113025264
1361284200,60.6238287,60.95421919,59.14149617,59.95321611,129458592
1361802600,60.36487592,60.55239099,58.90040282,60.16841329,179530560
1362407400,59.99874872,61.63288639,59.89160108,61.40964354,131978848
1363008600,61.32926718,61.62394775,61.0703144,61.31932614,147351984
1363613400,60.75992482,61.63259983,60.52274761,61.39093846,156223616
1364218200,61.58784773,61.81160826,60.87180509,61.73105447,90853744
1364823000,61.7668472,61.9995671,60.13787951,60.73844381,180582448
1365427800,60.75545856,62.805105,60.58540056,62.59924531,174130736
1366032600,62.36652542,62.46498005,59.86041645,60.94341741,236548144
1366637400,61.15822751,62.69769995,60.93446699,62.26808868,182511872
1367242200,62.45603858,64.74734638,62.43812878,64.55043712,156155584
1367847000,64.66679259,65.42668335,64.52358586,65.38282628,119348384
1368451800,65.27541228,66.52848019,65.21276828,66.50162892,151332432
1369056600,66.31367008,67.0834063,65.12325512,65.70504144,185544304
1369747800,66.45687682,66.71643008,65.44547923,65.56183471,129906544
1370266200,65.61553723,66.07201766,63.96865975,65.6871406,226018400
1370871000,65.83034734,66.01829723,64.04026312,64.69364386,163683808
1371475800,65.23066912,65.9825045,62.70716395,63.23689762,212923776
1372080600,62.70716395,64.36822141,62.08762543,63.99111648,145983744
1372685400,64.43106326,65.1942608,64.06295497,65.16732473,95664288
1373290200,65.49055754,67.65443056,64.98775095,67.60952814,151473344
1373895000,67.66340027,68.00459944,66.77451006,66.97204122,150182416
1374499800,67.22344451,67.68135765,66.62187235,67.67237896,114364304
1375104600,67.53769863,69.12693556,67.36702273,69.1089692,105067584
1375709400,69.03713969,69.20773478,68.12131341,68.67800111,97988237
1376314200,68.41761015,69.37832987,67.60054047,67.77563389,137585280
1376919000,67.78910192,68.92939542,67.46586912,68.83960853,117101392
1377523800,68.88450198,69.38730856,67.30426169,67.76216585,141601024
1378215000,68.32783224,69.4411807,67.8250077,69.07304547,99924192
1378733400,69.34241512,70.3211012,69.34241512,70.0876463,116184976
1379338200,70.65330371,71.63066328,69.73747743,71.13086058,137571200
1379943000,71.45055996,71.51359927,70.60402302,71.20741732,122514672
1380547800,70.48695901,71.82878684,70.24380737,71.50458465,152517824
1381152600,70.89221174,71.45957458,68.75788968,71.35149818,201698912
1381757400,70.91023198,74.00814599,70.85618027,73.98112914,188713504
1382362200,74.12522801,74.99877279,73.44080117,74.65655036,172130512
1382967000,74.65655937,75.18338793,74.20627855,74.57550882,161214979
1383575400,74.79164361,75.10684019,73.27870007,74.33235718,154049776
1384180200,74.19727294,75.6111547,73.8460539,75.6111547,127894276
1384785000,75.59314347,75.74173614,74.25580944,75.63817155,142888616
1385389800,75.90834004,77.30421057,75.62916593,77.20514879,86676235
1385994600,77.29520495,77.61040153,76.34961524,77.44830043,177374327
1386599400,77.763497,77.9255981,76.28567536,76.41265455,154134408
1387204200,76.79089044,78.30901982,75.69220525,78.14640303,204715444
1387809000,78.7697674,79.4112003,78.55294501,79.06789819,73107297
1388413800,78.95948699,79.4654059,78.25481422,78.27288276,108799013
1389018600,78.28191702,79.17630938,77.69468972,78.86914433,146923412
1389623400,78.76073313,79.98939334,77.40107606,79.39313177,197077467
1390314600,79.89001641,80.40496959,78.33612262,78.36322542,155270098
1390833000,78.39032822,78.49873941,76.5744407,77.93861491,272241132
1391437800,77.82116944,78.9224465,75.65294555,78.86914433,216192920
1392042600,78.80590446,81.31743048,78.78783593,81.13674516,176019432
1392733800,81.24515635,81.7284896,80.68503184,81.24515635,144444615
1393252200,81.39873888,82.51691964,81.19095075,81.95446922,179324039
1393857000,81.17429606,82.87979088,80.62091742,82.12683306,154642415
1394458200,82.08147416,82.60310156,80.40319468,80.4394818,160921179
1395063000,80.95657332,82.42380203,80.76441496,80.92353426,195043659
1395667800,81.21449529,81.27814301,78.55947596,79.15049054,265068643
1396272600,79.76878271,81.54182644,78.32307013,78.53219836,268772052
1396877400,78.05029417,79.90517069,76.29543551,76.47728615,348493692
1397482200,77.15013351,78.76860419,75.72260599,78.37762532,231822617
1398087000,78.56856849,80.20522424,78.17758962,78.36853279,192185912
1398691800,78.72314153,80.15066905,77.38653934,79.55056194,211257234
1399296600,79.08684281,79.98700347,77.76842568,78.92317724,210750468
1399901400,79.38689637,80.56892552,78.72314153,79.75059764,222234092
1400506200,79.53237688,81.74186214,79.37780383,81.72367707,155879010
1401197400,82.08737835,83.15120459,82.0146381,83.02390914,123156303
1401715800,83.13301953,84.39688146,82.4147095,84.39688146,130591050
1402320600,84.42415906,84.5787321,83.40579548,83.94225487,141647936
1402925400,83.79677436,84.71512008,83.61492372,84.57818052,144042253
1403530200,84.54627111,85.48531957,84.26820336,85.47164411,131055957
1404135000,85.4351762,87.2494543,85.3987083,87.2494543,85703493
1404739800,87.14916757,87.25857128,85.3622404,86.85742436,157627611
1405344600,87.2494543,87.79647283,85.9913117,87.63236727,160923504
1405949400,87.45002776,88.89962685,87.11269967,88.19761974,139083491
1406554200,88.25232159,88.72640431,85.73603639,86.31040584,198730027
1407159000,86.52009627,87.24033733,85.59472327,86.52009627,191506568
1407763800,86.83919041,89.00903055,86.5474472,88.79934012,164650583
1408368600,89.24607191,90.48598056,89.1366682,90.30364105,127776269
1408973400,90.73213889,91.09143889,90.33099198,90.96918025,101297182
1409664600,91.20622161,91.47973088,90.2854071,91.06946698,99751856
1410183000,91.06946698,91.58913458,90.31686067,90.69567099,152318445
1410787800,90.79595772,91.90243189,89.39194352,91.36818662,185465230
1411392600,91.14885911,91.28301444,89.28457525,90.27154906,243358235
1411997400,89.37596171,90.74675867,87.70358942,89.71409163,229470977
1412602200,89.98825102,90.25327177,86.28709923,86.30537652,286200802
1413207000,86.16829683,86.80800208,82.46714504,84.98941144,424210635
1413811800,84.95285686,90.18930124,84.80663852,90.12533072,225552561
1414416600,89.9242805,92.98572704,89.57701193,92.66587441,194783488
1415025000,92.78467682,93.24160914,91.99875323,92.84864734,127676487
1415629800,92.89434057,94.38393993,92.64759712,94.32910806,105143458
1416234600,94.10978054,95.67248908,93.59801634,94.92312007,130381835
1416839400,95.17900217,97.09354859,95.09675435,96.8787904,71788504
1417444200,96.61376965,96.7964512,95.42574562,96.30305568,151606134
1418049000,96.05631222,96.47668996,93.81734386,93.8264825,212516424
1418653800,94.31083076,96.07465868,91.31335475,95.68940609,299293246
1419258600,95.53347051,96.55163808,95.47843443,96.34983911,92241761
1419863400,96.2581123,96.5424654,93.9649421,94.42357614,91359481
1420468200,94.0108055,95.07483647,91.37824611,94.13005035,221926793
1421073000,94.31350397,95.04731843,91.13975641,92.47896781,228013928
1421764200,93.03850134,95.92789579,91.99281573,95.63437,146762988
1422282600,95.52429783,95.69857877,91.69011726,92.73580287,198273122
1422887400,92.94677453,95.55181588,91.49749096,94.59785707,166222997
1423492200,94.23094984,98.08347578,94.06584159,98.06513042,118145347
1424183400,98.06513042,99.49606862,97.82040329,99.44103253,80989786
1424701800,99.38599645,99.92718462,99.11081603,99.43185985,107098380
1425306600,99.62448615,100.3674733,98.27610207,98.52376445,111156394
1425907800,98.72556343,99.05183569,96.0196226,96.62501953,149425604
1426512600,96.98275408,100.27657926,96.88185459,99.78011504,148975525
1427117400,99.72495234,100.03754093,95.8359826,97.01278668,163019883
1427722200,97.60118872,98.20797833,95.95550176,96.64503541,113192990
1428327000,96.07502093,99.07219383,95.92792042,99.06300005,109976500
1428931800,99.1365503,99.64220831,97.04036803,97.46328199,125377031
1429536600,97.95055244,101.76597193,97.91377731,101.6280652,135116219
1430141400,102.00501026,102.19807968,98.4286291,100.25819169,178969300
1430746200,100.57997406,101.04885694,97.44949132,99.92721555,176396817
1431351000,99.99157202,101.14079476,98.18959077,100.74546214,121924381
1431955800,100.57997406,101.93146,100.50642381,101.56370873,83291498
1432647000,101.34305796,102.12452942,99.99157202,101.17756989,103746527
1433165400,101.72000302,101.87629731,99.87205285,100.48803624,118543348
1433770200,100.44206733,101.2695077,98.55734204,99.98237824,127196896
1434375000,99.2376819,101.94065378,98.65847364,101.26298336,141902361
1434979800,102.00939356,102.40563601,100.31384447,100.69165704,103703061
1435584600,99.57664921,100.12954566,98.26812763,99.47528487,127477226
1436189400,98.8486689,99.81623767,97.52171744,99.19883664,163030133
1436794200,100.05582613,104.67251142,100.04661119,104.67251142,142155189
1437399000,104.89367,105.40970668,102.22133719,102.37799119,154125841
1438003800,101.79744992,103.65886794,101.16622648,103.16126115,143782187
1438608600,103.17969103,104.12882992,100.81145127,101.65001087,148256243
1439213400,102.29505672,103.03225198,99.72408826,101.83430968,139948461
1439818200,101.58550629,102.70972905,94.36099278,94.36099278,233231454
1440423000,86.83238622,97.67837143,78.0874075,97.32820368,449319276
1441027800,96.78452218,97.31898874,92.72994827,94.1398342,251179918
1441719000,95.94596258,97.96403459,95.45757072,97.28212898,161283072
1442237400,97.64151167,100.18944277,96.61865325,97.31559887,185591967
1442842200,97.85136581,98.42408219,94.47049166,95.07092013,187891749
1443447000,94.66447624,96.07779248,91.21894056,96.07779248,233514442
1444051800,96.78906928,98.59035469,96.23482762,98.40560747,177399501
1444656600,98.59035469,99.92977205,97.44492192,99.87434788,139549143
1445261400,99.74502483,104.60387675,99.28315677,104.17895814,173325814
1445866200,104.10505925,105.37981508,103.70785273,104.687013,151642953
1446474600,104.96413383,106.66380827,104.74243717,106.03566772,126157332
1447079400,105.63846119,105.77702161,101.40774982,101.46317399,175713602
1447684200,101.37080038,105.83244577,101.13062899,105.74930952,146442263
1448289000,105.79549633,106.17422813,104.23225771,105.59227438,70058513
1448893800,105.86015785,106.92245438,103.31360216,106.35897535,158868244
1449498600,106.43287424,106.49753577,102.27606176,102.34072329,191370790
1450103400,102.51623315,105.74930952,101.03825538,101.76409425,245885490
1450708200,102.72771674,104.60863371,101.96793747,104.32140009,90110289
1451313000,104.07122886,106.13282505,103.32071519,103.64501122,96316240
1451917800,101.39347021,102.08839028,96.26959294,96.37151455,262224228
1452522600,97.09423142,98.42847794,92.20199416,93.43431908,336518661
1453213800,94.69444079,96.18620253,90.10796837,96.14914013,247128730
1453732200,95.8619065,96.51976416,92.79499262,96.48270176,231436736
1454337000,96.01015611,97.10349702,90.54345161,90.91407564,259322888
1454941800,89.25553309,91.44221489,87.87495856,90.82141963,350898865
1455633000,92.13713496,95.28743925,91.5904645,94.16630154,149581746
1456151400,95.00947122,96.70127728,92.44289978,95.8341097,154902236
1456756200,95.72292249,98.53966515,94.97240882,97.90960429,151593521
1457361000,97.39999624,98.66938356,95.72292249,98.66938356,162258643
1457962200,98.28949393,100.02594455,98.16904112,99.77967823,150898627
1458567000,99.58452378,100.70898509,98.99906046,99.67745447,76058968
1459171800,99.95624653,102.59547803,99.18492183,102.55830576,115499742
1459776600,102.51184041,102.88356316,100.93201874,101.29444842,113792087
1460381400,101.74051571,103.45973342,100.37908115,102.81851168,118245887
1460986200,102.53042655,103.56195717,100.47665838,101.27586228,136975807
1461591000,100.94131181,101.6568781,97.46570413,98.2463219,163850955
1462195800,98.47864861,99.31502479,97.01963683,98.11621894,142404385
1462800600,98.14409814,99.89119505,97.70732391,98.04187439,111690301
1463405400,98.19985655,99.63098913,97.14973979,98.94330205,133306670
1464010200,99.0176466,102.35385825,98.7202684,102.34456518,125881704
1464701400,102.48396121,102.7813394,101.61041275,102.2795137,79904175
1465219800,102.456082,102.92073543,100.8855534,101.23869001,89791994
1465824600,100.68110589,101.22939694,98.97118125,99.22515037,135895145
1466429400,100.38055638,101.36824217,96.96092729,97.17523647,152818015
1467034200,96.53230893,101.07939066,94.8085177,100.70667905,165865252
1467725400,100.24078953,102.83113527,99.29969269,102.77522852,94366792
1468243800,103.12930456,104.63878661,103.11066898,104.17289709,102102709
1468848600,104.22880383,106.0178196,104.21948604,105.89668832,103537285
1469453400,105.81282821,107.65775071,105.49602333,107.36889921,101163025
1470058200,107.44344153,109.05541928,106.42780238,108.81315673,86311599
1470663000,108.85042789,109.36290636,108.34726721,109.20450393,72671879
1471267800,109.3256352,109.92197379,108.48703406,109.26041067,70698788
1471872600,109.10200823,109.95877906,108.1609114,108.81315673,92389432
1472477400,108.8411101,109.53994438,108.00250896,109.1299616,86230909
1473168600,109.28836404,110.06174065,106.46507354,106.48370912,107010709
1473687000,105.88737053,109.77754804,105.87805274,109.56205443,180794715
1474291800,109.82360593,111.36489155,108.87081119,110.53353143,110676046
1474896600,109.90767606,111.22477467,109.43127869,110.8978353,104187342
1475501400,110.72035393,111.31818592,110.12252193,110.66430718,86908679
1476106200,111.21543355,111.6077608,108.30100257,109.42193756,105863923
1476711000,109.38457306,110.60826043,108.98477291,110.36539118,81002317
1477315800,111.09399893,111.77590105,109.04829256,109.38457306,114417560
1477920600,109.78624143,109.78624143,105.97506246,106.16188496,132410809
1478529000,107.84328745,110.58023705,106.67097627,108.17022682,231544169
1479133800,108.20759132,110.31868555,106.5168477,109.59007781,121267925
1479738600,109.85162931,111.33686817,109.82360593,110.9725643,69207927
1480343400,110.8231063,111.63578417,107.62844157,108.07681557,135110779
1480948200,108.65596532,111.66399437,108.14220344,111.62644305,115777023
1481553000,111.11268117,113.13036416,110.66430718,112.05017935,155529402
1482157800,112.18134176,113.20253487,112.00333562,112.61230399,65332223
1482849000,112.83715385,113.84897821,110.68234271,111.00088001,89102336
1483453800,111.77848577,114.53289653,111.38499851,114.23309672,86775241
1483972200,114.32678416,115.58219587,113.92392816,115.38545224,92325162
1484663400,115.03880871,116.0131581,114.7054688,115.46977094,61839845
1485181800,115.38545224,117.97225617,114.83269634,117.85880068,81216390
1485786600,117.45594469,117.86816943,116.03189558,117.74637575,99018241
1486391400,117.50278841,119.50769964,117.4372072,119.33906225,73198810
1486996200,119.69507452,121.62503581,119.65750586,121.61566706,84007001
1487687400,121.82177943,122.44948529,121.21281107,122.03726055,66704016
1488205800,121.81241069,123.36762221,121.4751359,122.7492851,88095215
1488810600,122.31832287,123.29267226,121.92483562,123.09592863,86080977
1489411800,123.04908491,124.04685616,122.50569775,123.6337461,87152223
1490016600,123.59619313,124.32847593,121.74670965,122.63859255,118404211
1490621400,121.79365086,124.61951141,121.4838389,124.28153473,91297078
1491226200,124.37541714,125.31424124,123.45536952,123.89661685,104686744
1491831000,124.02805222,124.45521719,122.40388652,122.42266301,89035850
1492435800,122.79819265,124.75094678,122.72308672,124.45052307,88364270
1493040600,125.82120626,127.99927818,125.61860802,127.67068974,106116358
1493645400,128.11193707,129.1258671,128.03683114,129.1258671,100948861
1494250200,129.19158479,130.14918537,128.92871404,130.12102065,109176106
1494855000,130.14918537,131.09739772,127.55803085,129.40751433,175959493
1495459800,129.68916156,132.68401045,129.64851048,132.5807398,95301230
1496151000,132.49624563,134.71187051,131.97050413,134.68370579,110879435
1496669400,134.66492931,135.09678839,129.66099684,131.41659791,192164103
1497274200,130.34633843,132.30848081,129.06014941,130.052279,318973324
1497879000,131.27607894,133.13060656,131.11604357,132.96115733,162058406
1498483800,133.67660961,133.94961114,128.2636483,129.57217286,315463699
1499088600,130.14641745,130.31586668,127.84002525,129.68513901,160314467
1499693400,129.76044978,133.95902498,129.44037902,133.78957576,158035446
1500298200,133.91195575,135.97358797,133.33771116,135.66293106,160680534
1500903000,135.62527568,137.40449253,133.95902498,135.40875723,192123292
1501507800,135.76648337,136.04889874,134.2508542,135.22989416,152353441
1502112600,135.45582646,136.94321408,132.63167273,133.77074807,194107930
1502717400,134.83451264,136.46310795,132.40574043,132.95174349,222526122
1503322200,132.95174349,134.94747879,131.96328968,133.64836807,163649282
1503927000,134.06257728,137.99285788,132.79170811,137.44214791,134277490
1504618200,137.01852485,137.32918176,135.18282493,135.75706952,126814531
1505136600,136.78317871,137.99756481,136.77376486,137.49863098,167552672
1505741400,137.63012931,138.09241861,135.71964801,136.15835112,130509785
1506346200,135.62058601,137.32350885,134.06389755,137.22444686,185077709
1506951000,137.43200532,139.30946595,136.73385413,139.30946595,128570933
1507555800,139.49815546,140.11139637,138.63961819,139.95101029,78290343
1508160600,140.29065141,140.77180966,138.94152141,140.30008589,110019363
1508765400,140.58312015,142.95117351,138.0546807,142.6870082,174161043
1509370200,142.53605659,144.62107569,142.24358785,144.60220674,144750957
1509978600,144.47012408,145.80038513,143.50780757,144.98902023,128145742
1510583400,144.4606896,146.13059177,143.19646988,145.24375107,126020536
1511188200,145.36639926,147.4702873,144.9229789,147.42311492,66800579
1511793000,147.36650807,147.82879737,143.64932471,145.75321275,235478340
1512397800,146.67779136,146.82402573,143.46063519,145.95133674,181318999
1513002600,146.00794359,148.89489311,146.00794359,148.73450703,139961092
1513607400,149.65100924,150.10481229,148.34632548,148.78122007,139201208
1514298600,147.98706474,148.49314968,147.20236363,147.25908901,102886693
1514903400,147.95870205,153.18689133,147.64671245,153.08289479,113725294
1515421800,153.06398633,155.67335386,152.32655638,155.51263195,140181763
1516113000,156.51478034,157.51692874,154.60502585,157.26166453,140451482
1516631400,157.19548491,161.62195548,157.02530877,161.60115617,179321555
1517236200,161.21353273,161.58224771,155.49372349,155.62608271,231230693
1517841000,154.22685664,156.70386495,141.93163032,147.58053284,522959828
1518445800,149.06484697,157.65401508,147.92088513,155.95698076,260833841
1519137000,155.41808964,158.99178865,155.3424558,158.99178865,165118734
1519655400,159.71031014,161.41207157,153.12071171,156.93076647,258667832
1520260200,156.24060767,163.7094495,155.60717425,163.7094495,166769458
1520861400,164.17270677,165.64756668,161.57279348,161.68624424,193797387
1521466200,160.18678908,160.24360634,150.02596946,150.10172581,296051948
1522071000,153.10357093,156.83457087,147.76274869,151.63579177,294432829
1522675800,150.56573341,153.0088755,145.7173274,148.32145172,318333917
1523280600,149.62824866,154.59975872,149.10742379,152.8100151,207106623
1523885400,153.83272574,158.1413678,152.91418007,153.6906826,177193579
1524490200,154.42930695,155.68875616,148.16993904,153.49182219,249435658
1525095000,153.86113437,156.48419778,150.77406336,156.12435514,212656021
1525699800,156.85350995,160.84965709,156.1148856,160.47087537,139419484
1526304600,160.83052861,161.75873322,158.12242871,158.57696677,147822649
1526909400,159.77959873,161.29472561,158.02773328,160.71708349,124147196
1527600600,159.95005051,163.6715809,159.05044392,163.57688547,145100581
1528119000,163.97460627,166.59766968,163.88938039,165.18670778,141656229
1528723800,165.05413417,168.4537001,165.03519509,167.59197169,168221833
1529328600,166.57501368,168.90002242,164.84786433,166.37572722,176449854
1529933400,164.89531349,165.11357962,160.5394808,162.89295903,252467540
1530538200,161.36509614,166.77430014,161.01397237,166.65093233,125914505
1531143000,167.48603751,170.72207008,166.83123913,170.44686496,137543182
1531747800,170.47533446,171.43380745,168.23573421,169.85849541,142661988
1532352600,169.3460445,173.59748905,167.59042566,168.55838848,195436657
1532957400,168.59634781,170.90237688,165.3792949,170.89288705,220692724
1533562200,170.7884989,173.3127941,170.57023277,171.31043964,130056538
1534167000,171.62360408,172.72442454,169.03288006,170.68411075,169334634
1534771800,171.08268368,173.3127941,169.86798524,173.17044663,118152272
1535376600,174.07198063,177.95322684,173.76830602,177.12770639,136764880
1536067800,176.60576566,176.8904606,171.23452098,171.8703397,164407761
1536586200,172.82881269,175.50969011,171.31043964,174.60341119,154809730
1537191000,174.29024675,176.0173961,171.92727869,174.33769591,168693094
1537795800,173.07304132,177.29410314,172.36002412,176.62862042,157623805
1538400600,177.60783071,178.28282032,169.63154498,171.26673109,246001501
1539005400,170.5251932,172.09383104,159.53522145,165.72421073,475596333
1539610200,165.12527628,169.46850171,163.10030744,164.48831425,369262523
1540215000,165.47703144,166.60692602,156.13175269,158.44192841,447925680
1540819800,160.8186524,164.04149014,152.19589775,161.02780412,406958137
1541428200,161.24646272,166.92207962,158.84121804,163.06227986,216052785
1542033000,161.93095923,162.22567301,155.3997217,159.24050767,340622188
1542637800,158.51798358,158.67009391,149.38185654,151.3592909,236402840
1543242600,153.47932871,161.11336618,152.83285978,161.01829722,230370153
1543847400,164.56436942,164.76401424,152.92792874,153.42228733,273514140
1544452200,153.16560114,159.33557663,151.54942882,153.13708045,289724329
1545057000,152.50011842,153.69798732,139.48517782,140.29326398,460464199
1545661800,139.33090437,148.34060087,136.77577352,145.84267444,318826322
1546266600,147.27278499,149.6849048,142.52481795,148.95078138,261121530
1546871400,149.24633756,153.99706948,148.83637253,153.20297676,217059829
1547476200,151.89680912,158.28463627,151.20082198,157.55051285,201908850
1548167400,156.40642441,157.93187566,152.85021616,157.45517215,163697176
1548685800,155.43394923,161.11625517,153.48899887,159.64800833,175023957
1549290600,159.70521275,163.38536392,158.80901014,160.70629014,153902095
1549895400,161.25926622,164.52211113,160.15331406,163.92880593,140098812
1550586600,163.40443206,165.01568995,162.75611527,164.83454261,105023433
1551105000,166.08350583,166.52207307,163.75719266,166.26465317,136227111
1551709800,167.19899206,167.59942302,161.44756411,163.19468251,166288570
1552311000,163.85253336,170.54545076,163.84299929,170.04014503,168841478
1552915800,169.9677547,174.62885413,169.62533582,170.55039213,233156486
1553520600,169.9391004,172.58484741,168.67831121,171.60104979,182255088
1554125400,173.28210204,176.62510368,172.66125888,176.37676641,139453587
1554730200,176.09977485,177.6089013,175.39296879,177.4942841,118535617
1555335000,177.47518124,179.50008509,176.33856068,178.98430769,106501194
1555939800,178.17243587,182.64250663,178.0673701,182.09807493,132455736
1556544600,182.06942063,182.73802096,178.48763316,182.53744086,162504930
1557149400,178.70731613,181.66826043,172.90978717,176.70151514,248233300
1557754200,172.21234152,177.7235185,170.07282047,174.82943423,235474382
1558359000,172.41292161,174.15128247,169.19408861,170.1683348,165809210
1559050200,170.6554579,171.60104979,166.07076994,166.1471814,142743591
1559568600,165.73646977,173.61315472,161.67711064,172.91914758,233854385
1560173400,174.05576813,177.08357247,173.77877657,174.4473769,156963638
1560778200,174.80077993,181.25754881,174.63362985,180.11137682,181132014
1561383000,180.46132935,180.65277994,176.75676037,178.75741907,116780514
1561987800,182.16523963,183.25650801,180.32731393,182.88317936,86436848
1562592600,181.74404833,185.26673924,180.58577224,185.25716671,109114841
1563197400,185.67835802,185.88895367,182.53856829,182.84488924,111016315
1563802200,183.31394319,187.19081771,183.25650801,186.94193194,107029181
1564407000,186.83663411,186.83663411,178.250075,179.34134338,199249785
1565011800,175.66549198,180.26987876,171.5397317,178.51810583,238954816
1565616600,177.41726491,181.57174279,173.41594751,177.55128033,187749645
1566221400,179.9922754,181.36114714,173.7988487,174.28704771,142967077
1566826200,176.316424,180.89209318,175.0911402,179.45621373,129378676
1567517400,178.29793764,184.10367689,177.12051649,183.40009596,103251767
1568035800,183.96487521,186.38672522,180.83465801,184.30948628,129575557
1568640600,183.1224926,185.74057946,181.98336157,182.64386611,128952119
1569245400,182.5902948,183.96192814,178.16845587,179.39621159,168347619
1569850200,180.08682417,182.81071532,174.39886216,181.10355937,180521831
1570455000,180.54723257,184.76764283,177.70804748,183.30968292,143558218
1571059800,183.03151951,186.56131719,182.86366229,183.86600972,106678697
1571664600,184.78682651,187.75070553,183.34805028,187.65478712,94827596
1572269400,188.54682838,190.76254376,187.31907266,190.75295192,108109967
1572877800,192.019075,193.48662675,190.67142127,193.01662652,86895076
1573482600,192.05744237,194.62805589,191.77927896,194.62805589,76566051
1574087400,194.34030064,195.52009715,192.43152418,193.59213701,107244012
1574692200,194.39785169,197.63989412,194.39785169,196.72866918,59522425
1575297000,196.73826102,196.80540391,191.09825822,196.63275076,106484210
1575901800,196.27785263,199.42397664,195.13642349,198.73336405,120018666
1576506600,199.98989529,203.84447271,199.9707116,203.06887641,98474648
1577111400,203.81640117,206.24839427,203.24925654,205.33519528,66189240
1577716200,205.23906907,207.78641361,202.98010316,205.88311467,98579059
1578321000,204.25858174,211.35269597,204.01826621,209.96847856,116868117
1578925800,210.8143892,214.89975308,210.49717271,214.72672591,116291652
1579617000,214.10190555,217.12988114,213.08306386,214.07306769,105815263
1580135400,209.28598247,214.89975308,208.76690094,210.5836863,189643347
1580740200,211.61223673,221.51323627,211.46804742,220.32127128,143046345
1581345000,219.58109947,225.82930306,219.53303636,225.55053705,122359872
1582036200,224.42586041,228.27090877,220.43768012,221.34982172,155414333
1582554600,213.24638229,215.56302393,190.49330859,197.82773835,533735221
1583159400,200.78842559,211.10276783,195.0496909,199.96174019,486507550
1583760600,185.98498938,196.38584521,170.0857144,184.8891506,578894681
1584365400,167.40379316,177.52588298,160.33851679,164.08743895,567348186
1584970200,164.6487491,185.64888209,158.87852907,178.5011304,447009015
1585575000,180.23508634,188.08605349,174.2240391,176.64194432,269684545
1586179800,183.39473937,195.76362504,182.24840184,193.49021615,248932364
1586784600,192.58470583,208.56599969,191.45763447,207.39076289,281370049
1587389400,205.44487901,207.95911512,196.15858167,205.99396506,228952578
1587994200,208.24810777,211.96647994,203.46046277,204.93432532,224185364
1588599000,203.84578632,216.74449185,203.37376498,216.60962861,177668565
1589203800,215.29952857,219.72593275,208.06507909,215.07796754,249586012
1589808600,217.97752718,223.61770052,217.19724701,221.23351111,188657151
1590499800,224.87481857,225.02894799,215.72338447,224.79775386,182607985
1591018200,223.87297736,231.48022737,223.48765382,230.8954989,182833907
1591623000,230.75100257,238.72238333,223.23719352,227.22529217,271022198
1592227800,223.91150972,237.93728661,222.97710013,235.27855418,208947494
1592832600,235.23441531,242.35600527,231.28762629,231.80871824,192633787
1593437400,231.57712182,245.36675875,229.03921104,243.35958977,139932729
1594042200,246.51509101,254.97801025,246.48614146,254.72711412,174791717
1594647000,257.52557088,260.34332734,243.90963127,250.33643196,273594453
1595251800,251.01192153,259.01164792,242.52005274,246.61158952,219336688
1595856600,248.34856268,256.6377846,247.46560132,256.48338699,190835630
1596461400,258.66425329,265.35159996,258.49055597,261.9645023,151696353
1597066200,262.22504827,265.2068522,255.36400428,262.63034201,179782179
1597671000,264.31906591,272.45389022,262.66681844,272.00034723,142804136
1598275800,275.07864966,283.56183359,271.42135617,282.28708828,191005546
1598880600,282.89502889,292.87297472,262.28294737,273.65047173,357595828
1599571800,262.73649037,272.31396738,257.55452044,260.9802175,305882993
1600090200,264.6761104,270.6300684,253.4340341,257.52557088,290632707
1600695000,253.69696155,263.90205035,251.36795927,262.43313606,273008806
1601299800,267.31824249,273.37210218,262.54330463,265.09071127,260515623
1601904600,267.05248497,276.18487978,265.03272781,276.1075685,161072911
1602509400,280.83322042,287.46266258,276.90967302,278.81346326,263876794
1603114200,280.72691741,281.68364449,271.38191658,275.17016925,155112956
1603719000,272.83150306,275.7113482,258.09404053,260.32640371,231575935
1604327400,262.59742252,285.46223324,257.99740143,284.70844827,252333710
1604932200,287.31770394,289.08619944,271.18863838,281.15212945,251062288
1605537000,280.9105317,283.86768812,279.1420362,280.6206144,128707173
1606141800,281.61599712,290.08158215,278.38825123,288.96056861,91882320
1606746600,289.240822,295.59967468,284.87273474,295.25177393,121259683
1607351400,295.43538821,298.22825816,288.0714889,291.70511901,142311699
1607956200,292.89377992,301.49465969,292.82613255,299.639189,144961093
1608561000,296.69731931,300.81241412,293.92842832,299.69856479,101460100
1609165800,302.30287136,304.66030127,300.47307976,303.74540547,88119153
1609770600,305.07176235,309.2154174,295.45809537,308.86688566,191789602
1610375400,305.91404737,307.41467011,300.68607137,301.92529531,143653121
1611066600,304.23915876,316.70884966,303.14515638,315.05332393,102191524
1611585000,318.43214545,319.79722807,302.79662464,304.53928331,217938083
1612189800,307.97619346,321.81338734,305.95277312,320.80409753,139484277
1612794600,322.48866757,325.8965334,319.00335024,325.73194898,108521880
1613485800,326.52582681,327.41651902,317.89966642,320.47492867,129942150
1614004200,316.09891913,317.35750594,300.97651448,304.13266295,417627575
1614609000,309.09924015,313.99804729,287.97434455,298.84659833,444490933
1615213800,298.30443786,309.67044494,289.96872058,305.41061264,368399365
1615815000,305.73010007,313.87218861,299.79547598,303.16451925,337696274
1616419800,305.55369354,311.25356257,297.97315853,306.31949227,316702537
1617024600,305.78634125,314.76266561,301.99612222,314.62695445,209961776
1617629400,317.10853008,326.98636434,314.69238662,326.78279759,174361757
1618234200,325.74557652,331.74594886,324.47570774,331.53268845,175974303
1618839000,329.96231637,331.11586129,323.73898998,329.02203185,191564088
1619443800,329.26437322,332.29848718,326.57932778,327.63583921,173587152
1620048600,328.83785241,329.58426383,316.21671384,323.96194404,241234752
1620653400,322.58544505,322.75993084,306.31949227,316.39119962,338076709
1621258200,314.68511638,320.72426333,306.61030191,316.99220622,239039143
1621863000,319.27990876,325.28987781,316.88867799,323.70021536,147060213
1622554200,325.02824607,325.76321898,318.22330038,325.31905571,128987734
1623072600,324.7859047,330.79597068,324.0976552,330.78627703,136304887
1623677400,331.21279784,335.76881561,327.11238185,332.13369505,234328596
1624282200,332.32467719,341.08819626,330.11196141,339.14721751,150387135
1624887000,340.42826349,348.37657148,340.37003412,348.05630999,163297530
1625578200,348.6580134,352.05472622,343.96084482,350.35636981,160182194
1626096600,351.75387451,354.70416221,346.69762486,347.04700103,201430560
1626701400,343.60176375,357.6107779,341.6510801,357.33418842,199061226
1627306200,356.64514097,358.00382609,349.53145384,353.81131199,190594651
1627911000,355.47084882,358.99372526,351.31715429,357.18861502,147270876
1628515800,357.64474502,358.65405398,353.54442741,357.93589184,140680920
1629120600,356.81982905,358.12998971,349.33735596,356.87805842,206365351
1629725400,357.91648205,365.44747961,357.90677716,364.94282514,132447611
1630330200,365.72892153,371.41598928,365.70951174,370.30963139,135190623
1631021400,370.41638522,371.48198255,365.14177546,365.47659429,126567745
1631539800,367.8057688,368.23278412,361.75961998,362.79804361,220771620
1632144600,357.01131278,363.40421116,350.66699266,362.71439994,245812407
1632749400,359.67340116,360.69509903,344.30324123,349.93831883,316876397
1633354200,348.32552076,355.29164255,340.35868691,350.89045263,262038926
1633959000,349.35537977,358.56581695,346.34352795,358.44922913,202726823
1634563800,357.15704755,366.73667946,356.55467718,363.46250507,156739914
1635168600,364.88099012,375.29616802,362.93785991,375.13100195,200866700
1635773400,375.56820625,389.58789069,373.48905693,387.26585009,173298611
1636381800,387.23670314,388.2568465,376.5106244,383.47674619,201657922
1636986600,384.65233996,393.77533628,380.9458191,392.502586,181206300
1637591400,394.03765886,397.08837328,378.68693023,380.07626833,230301802
1638196200,384.63290866,389.78220371,368.12601756,372.23573795,403924771
1638801000,372.7215205,388.82035426,368.5146436,386.69262668,265317587
1639405800,386.68291103,387.14440445,370.91440941,373.96512383,363457835
1640010600,369.24351786,387.59065932,367.20548704,386.12658467,180874040
1640615400,387.42041808,393.57828687,386.53516364,387.03129525,156785866
1641220200,388.19866374,391.3408306,367.75998707,369.53049595,317809535
1641825000,364.62754828,379.58932112,359.2673813,369.67641701,372757733
1642516200,363.86875877,365.98947819,341.84440656,342.12652061,389603378
1643034600,336.49883168,347.17538934,325.0634845,342.23352939,673829580
1643639400,343.5954593,360.03589889,341.96114341,348.27466133,429239619
1644244200,348.86807365,356.8353636,336.39668693,337.62242385,392722991
1644849000,337.06792382,347.3792897,329.91779181,332.22334458,336395196
1645540200,329.28546721,336.57179221,309.60558006,336.36750272,381638607
1646058600,333.19615165,340.52138894,325.81254595,328.12782679,363630707
1646663400,328.11809872,329.27573914,311.23989595,315.5786155,406402227
1647264600,314.34315052,342.22380132,308.81760633,341.9319592,414772849
1647869400,341.09790513,351.29577797,336.59311412,350.01008626,318899866
1648474200,350.00034617,362.16571692,348.76335491,352.44510843,315203697
1649079000,353.28275605,359.71121457,339.44209006,340.07519582,324499371
1649683800,335.84799734,338.65314288,329.24908727,329.63382077,273784738
1650288600,328.58189119,338.82846447,316.51392133,316.94248524,338939414
1650893400,315.31589043,321.32552514,304.47517174,305.10827751,510207465
1651498200,304.69919378,321.70538859,297.17497529,301.21224204,603960944
1652103000,295.59221088,301.30837671,277.53408649,294.09223722,582433821
1652707800,292.34876135,298.59215819,272.92702455,281.17687965,373067717
1653312600,282.21906914,301.21224204,274.91400264,301.06614071,330731899
1654003800,301.03692044,306.38422912,295.51438757,298.24151499,246516000
1654522200,302.67325534,304.23166953,280.88857302,281.33272107,276891298
1655127000,272.47898047,279.37496325,262.28110763,267.5504956,409804657
1655818200,272.0272585,287.9243851,271.20751716,287.50475561,234986723
1656336600,288.86123234,289.42714663,269.12888735,275.32574149,309309925
1657027800,271.59787018,289.59314425,270.075591,288.22690869,241539579
1657546200,285.81647881,286.0409318,273.05193517,284.83083745,312570412
1658151000,287.61210269,301.10855824,281.24934852,294.70676877,294638729
1658755800,294.73604524,308.75947737,286.46056129,307.8519066,272601851
1659360600,306.0855592,316.88857894,304.31930939,313.99020779,241638694
1659965400,314.90753738,322.61213005,307.8128713,322.42183295,222116110
1660570200,321.47522689,326.35551789,314.31224903,315.07343741,221003375
1661175000,310.81858953,313.75599598,299.93749919,300.02532862,235799018
1661779800,297.27333985,299.81063446,285.88479059,288.05124983,272207976
1662471000,288.52943228,300.18146983,283.8549549,299.68376973,218040861
1662989400,301.05976411,303.57754107,278.73157156,282.34233696,325594909
1663594200,279.70131503,287.37574818,265.93621711,269.34816255,324388173
1664199000,268.87889785,274.95978628,261.12625392,261.28267548,380307284
1664803800,263.05219447,277.82425623,261.54663688,263.08152351,308574783
1665408600,263.27705047,265.73091381,248.57342314,254.90849662,367634048
1666013400,260.87206887,271.0101417,260.77430539,269.26017542,325976042
1666618200,269.52413681,278.23486284,265.88733537,274.93045723,307287923
1667223000,272.6818972,275.76144681,253.28562286,258.76037771,321793107
1667831400,259.80644694,282.18450742,257.1472803,281.51971575,341628186
1668436200,279.46668268,286.70118017,274.44163983,278.4499425,286975931
1669041000,277.06170109,282.98616795,274.18745479,280.50297557,143845735
1669645800,278.52815328,289.13549081,272.9263059,286.00705947,254344515
1670250600,283.88559196,285.15651719,272.54512609,275.73211776,231489380
1670855400,275.90809203,290.23532996,266.51302164,268.11634271,310239095
1671460200,268.38623897,269.27801783,257.1998041,262.00659017,241278774
1672151400,261.39900457,262.05068913,254.52936739,260.94821526,168899892
1672756200,263.27076021,264.74562526,255.12715322,263.41775673,190146669
1673274600,265.40710958,275.58808828,263.58435278,275.34407406,230296364
1673965800,275.14807871,278.98958766,268.40583851,277.01983434,188788329
1674484200,277.86261437,292.28787248,275.54986918,290.32791893,256585347
1675089000,287.06459627,307.39911432,284.08546688,300.04928852,322914544
1675693800,297.43275054,304.80217587,291.29809594,293.69903903,264295111
1676298600,295.10040582,303.07741675,292.13107619,295.12980512,264872434
1676989800,291.3078957,292.74846156,284.24226317,286.00622136,241542346
1677508200,289.16174657,293.91463392,282.59590219,293.67943949,269775219
1678113000,294.91421023,297.91293916,281.62572518,282.77229801,343618567
1678714200,280.98874028,302.95981954,279.47957605,299.24570757,442838239
1679319000,298.62955477,309.4161807,296.42119186,305.13686413,313730237
1679923800,305.83372532,315.22662888,299.134043,314.99107017,272640495
1680528600,312.87104178,315.67811641,307.03114876,312.16436565,202714425
1681133400,309.23951167,314.43161824,306.78086763,312.67474286,258953711
1681738200,312.26251511,315.47200254,308.28746188,310.75101339,250178517
1682343000,310.52526963,316.67924093,304.15536951,316.59090641,281708230
1682947800,316.12960394,317.76869996,309.28367893,316.91479964,259445481
1683552600,316.45349716,321.11559664,315.3689456,319.01519814,221392603
1684157400,319.48631556,331.94638983,317.96499889,330.28275644,246649226
1684762200,330.02756784,342.78209049,323.46136879,341.95272754,283993505
1685453400,346.18296937,349.2452326,340.09770269,348.08706895,241618248
1685971800,347.87114013,351.04136777,341.73679872,347.93984475,258233413
1686576600,349.59857067,365.95027113,348.62689099,361.12131757,323511886
1687267800,359.67059543,361.99992816,354.03891758,356.31910826,199108932
1687786200,355.78837422,364.13269272,351.45404624,363.08105305,253475068
1688391000,363.71989958,365.62661076,358.26513307,359.95561927,150402222
1688995800,359.68042384,376.29043358,357.17417977,372.5654669,250525154
1689600600,373.28294069,381.32257854,368.75302738,369.1844945,282746628
1690205400,370.1575069,378.10868908,367.91662985,376.89979488,247193301
1690810200,377.20447553,378.27577202,365.15484717,365.65609598,267573609
1691415000,367.46452308,368.85032862,358.43221601,359.95561927,253850249
1692019800,359.15951821,364.11303591,348.6234647,351.98478028,264656945
1692624600,353.44921309,366.34408455,352.42705864,357.77371266,283883586
1693229400,360.69274988,374.29526673,357.99976605,371.11086249,216665779
1693920600,370.30493303,372.8006607,362.81568603,366.18683002,163251032
1694439000,369.21397972,371.77919425,363.51350301,364.44720178,245478929
1695043800,363.50777234,365.93890035,351.96237494,352.27733889,241364002
1695648600,351.31276178,357.23802115,345.83042048,352.63167334,270174633
1696253400,352.89742417,360.15143772,347.71528288,358.96048027,287836738
1696858200,356.59825062,367.85821194,355.10217184,359.53135243,232596478
1697463000,360.85026399,364.64951667,348.79305016,349.0194305,294314612
1698067800,347.70051895,354.2458636,336.96221667,339.87563324,321035931
1698672600,342.35597437,363.21249364,340.99769232,361.92310995,273406007
1699281000,362.69083459,372.58267124,361.13570007,372.43503189,237517374
1699885800,370.86021212,381.64772751,369.33460547,379.96463889,254633813
1700490600,379.97448151,386.88400323,379.97448151,383.38002926,147771062
1701095400,382.88789808,387.93716395,379.74810117,383.80326207,201766973
1701700200,380.01385201,386.44108517,376.63783214,385.99816712,232395042
1702305000,385.5749343,400.14191871,385.36823921,398.96090231,254171755
1702909800,399.35367796,404.81728757,397.35163324,402.75616774,216247200
1703601000,403.61418691,407.4476834,402.17845297,404.09274268,124394298
1704205800,400.46151272,400.70819953,390.10066636,391.49198002,189385356
1704724200,392.71554663,405.79981546,392.56743587,404.13221257,209700580
1705415400,402.89877848,415.75609543,397.58021068,415.59821586,228176629
1705933800,417.79866228,424.15331471,414.99630003,418.19336119,206336694
1706538600,418.64726493,424.53814614,411.26639534,423.324447,250055386
1707143400,423.38365184,432.04235915,419.36759044,431.25789506,180281801
1707748200,431.14935286,433.32019686,419.69371041,424.86377274,235300308
1708439400,422.87054326,434.75098041,416.04225214,430.9914733,197920761
1708957800,431.80060606,440.66159656,428.54434007,439.70445171,186043460
1709562600,439.70445171,442.69429594,427.90295434,433.20178719,255099905
1710163800,431.71179881,438.13552355,427.00669179,428.1693761,264354624
1710768600,433.48851156,443.97175434,428.15302513,441.04711734,201580948
1711373400,438.25092723,441.88202216,436.6502813,438.70543162,140130078
1711978200,439.65396255,442.18337834,429.91175954,435.20772385,234950660
1712583000,436.13649371,440.99771468,431.0677816,433.03400716,228308248
1713187800,436.77872819,436.86765296,408.13507047,409.69619428,289733472
1713792600,412.32441538,427.38234375,408.99467662,425.85086154,239899785
1714397400,427.95541452,431.26539221,415.60475148,430.27733917,211014061
1715002200,432.07559571,439.00184754,431.30491433,436.77872819,137816704
1715607000,438.68567056,449.25783812,436.37362644,446.36284271,169521295
1716211800,446.58021438,455.07747055,446.38754403,452.47889104,143330677
1716903000,453.69419629,454.24750599,437.76184097,445.32538701,142611475
1717421400,449.13927176,460.17582425,442.54895796,457.42903679,138378852
1718026200,456.30265632,473.53430139,456.01612094,473.46513768,126537271
1718631000,473.731912,481.04350452,472.42768198,474.44331019,134844665
1719235800,473.21766106,482.14405552,468.9029072,474.13800994,150841999
1719840600,475.05835881,491.44650651,471.31263786,491.01107264,98182711
1720445400,491.37723294,498.29469384,485.63247465,489.68497856,162933563
1721050200,491.45640274,495.8107415,469.02166189,470.30817107,204760993
1721655000,476.16673595,479.40280135,450.90167491,458.16550367,221649973
1722259800,460.87706917,470.61495403,439.85748842,444.09307249,237064964
1722864600,420.30254889,447.36872278,419.05562461,445.73584575,287041091
1723469400,446.70567575,471.46602934,443.89970026,470.10035036,179277397
1724074200,470.2388975,480.50128226,468.4575771,475.01877392,152406885
1724679000,474.47448157,475.39483044,463.0344461,471.32748219,166883018
1725370200,468.28934128,468.4179922,443.53888392,444.03369514,162567091
1725888600,448.35834523,471.58478403,445.15536093,470.40713332,189791785
1726493400,468.27944506,481.18412175,465.01369099,477.43345268,179939435
1727098200,478.60964468,489.26303256,475.85462902,482.37549342,132216801
1727703000,481.41421098,484.02057471,473.10952349,482.94037073,152892207
1728307800,481.02771597,490.02611244,476.548338,488.9260882,124637029
1728912600,491.31442911,494.34692836,483.18812393,490.02611244,136387115
1729517400,488.81707679,495.78389696,480.69077161,490.86847334,157156028
1730122200,493.98025362,496.84428069,479.40245494,483.04938214,153148802
1730730600,482.44486431,510.28984721,479.90242091,509.51933474,146504996
1731335400,510.73828052,510.94639321,490.0459327,492.10723938,154710756
1731940200,493.65321939,502.40386265,492.09237418,501.24437764,139634555
1732545000,505.31744036,506.85598777,497.41906813,505.1588783,93223636
1733149800,506.41746459,521.9862761,506.03096959,521.74843302,111763530
1733754600,520.82679109,528.37444388,514.49421913,525.76203497,129550933
1734359400,528.28911768,534.30456554,504.71292253,513.99871272,222233803
1734964200,515.71062662,527.31423979,512.31589975,518.6983833,100212064
1735569000,511.70048143,515.80532163,501.97290152,514.74779473,129150359
1736173800,520.14759419,524.01877395,500.19612928,503.44196461,144110278
1736778600,497.49622955,520.20050031,496.00731425,517.88444294,180455979
1737469800,520.60419488,529.87517409,516.21685782,525.71613738,100195798
1737988200,507.22380945,527.5899869,506.38009079,518.43037855,186891689
1738593000,509.67555663,528.16788456,507.27343996,519.05572297,136801582
1739197800,523.32394681,534.85807727,518.09289108,534.17317624,111765017
1739889000,535.74150034,536.81351935,521.82510542,522.19237119,113876392
1740407400,523.97906954,525.15928306,493.25778401,504.4147226,222768044
1741012200,507.73996675,509.24873425,476.97897682,488.15576761,271075389
1741613400,479.87739859,480.39355589,462.98317308,476.11540595,282526241
1742218200,476.06577544,482.24973696,468.91898204,477.28668598,200262376
1742823000,484.85738715,490.70263552,465.28375786,466.16849783,175479398
1743427800,459.18998703,476.72573212,420.17196012,420.17196012,331595797
1744032600,406.24476121,465.06505809,400.01181781,451.7144313,566549779
1744637400,461.71497527,462.30148828,435.17277607,441.47530577,173162988
1745242200,435.6399983,470.29397074,425.40087277,469.76710311,236908036
1745847000,470.23432535,488.008652,459.69697286,485.9409451,193509129
1746451800,481.735945,489.78807285,473.96415049,485.08602782,166550672
1747056600,503.99361691,518.84531938,498.5161818,518.42780164,243922583
1747661400,511.20076838,519.90899553,502.59195021,506.23031909,280321790
1748352600,513.09948001,523.36842824,508.90442081,516.04198599,220250403
1748871000,514.18303795,529.8995986,512.92054383,526.78809735,233946113
1749475800,527.00679712,533.60755377,522.62286084,523.84559137,217973829
1750080600,527.36466946,532.20588707,521.77788446,523.71635969,185429958
1750685400,524.2847306,547.35361702,521.13987809,545.46272469,242300875
1751290200,548.61752926,554.52905581,542.04916643,553.55375345,164697283
1751895000,550.86669593,554.9569946,546.94558236,551.54343634,198877663
1752499800,551.33444298,562.01917889,548.91609121,558.56959415,222954168
1753104600,559.39561554,564.97374791,555.93229696,563.65509931,195987474
1753709400,565.01853221,571.87550492,549.03551599,551.22497026,254410212
1754314200,556.37018781,572.01483382,556.27066716,571.7958884,217878512
1754919000,571.93521731,580.52374979,568.83017306,574.5725145,211498856
1755523800,573.67682866,574.99547726,556.16119445,569.22825565,258303707
1756128600,567.66578147,575.22935078,565.8146974,567.66578147,207893173
1756819800,558.61935448,578.33439503,556.85286296,573.2986502,235975790
1757338200,575.59757719,585.04208677,574.27395256,583.84783898,235178557
1757943000,585.61930653,597.17365387,581.56384009,596.47700933,269952668
1758547800,595.56429505,600.67562244,586.35792758,593.80073764,296898181
1759152600,596.9293084,605.11490493,593.93026446,600.98449407,232013868
1759757400,606.23531188,610.94809522,586.90592565,587.3542877,293967073
1760362200,597.49723367,606.09582146,587.98199457,601.73176416,340888062
1760967000,604.93008013,616.16902222,597.55701528,614.85382687,242255431
1761571800,622.24681892,634.69135676,621.75860247,626.78025744,310650918
1762180200,632.79827254,633.50568822,596.49090995,607.52061642,303624075
1762785000,616.66720228,622.58558136,594.99636978,606.64381952,299654081
1763389800,604.09313763,611.79500132,578.62617309,587.92221297,441376483
1763994600,593.11324916,617.06574632,592.99368595,616.99600112,183157008
1764599400,611.39645727,626.63080343,610.29049754,623.20332463,244022969
1765204200,624.92702763,626.91974786,609.13471981,611.38649367,269081359
1765809000,616.11920422,616.16902222,598.09504974,614.80400886,314590996
1766413800,619.88608876,624.04127595,616.31452331,622.42010448,132252031
1767018600,618.63903379,621.38255474,608.71247616,611.67547879,166290752
1767623400,617.86087148,626.46056261,615.26699712,625.17360187,234970893
1768228200,620.84382699,628.51570922,613.11208612,619.79630081,269461717
1768919400,609.09158087,623.92644713,605.61977981,621.25286102,247727361
1769437800,621.74170657,635.1001595,616.8133453,620.40486364,271266672
1770042600,617.24233221,628.49575634,593.35873526,608.21365417,379478839
1770647400,606.10862536,616.06511231,595.01482427,600.50186618,319927967
1771338600,596.96521826,608.91200495,591.9420808,607.37563322,268352593
1771857000,605.17582824,615.37673796,597.63862795,605.85921437,338897563
1772461800,597.44907559,611.43604423,590.47554415,598.33697873,419128778
1773063000,592.82499573,611.84507826,589.9368164,592.32118552,352243956
1773667800,598.62629549,604.47248923,577.17694986,580.68865668,319873979
1774272600,589.87137874,594.42637008,560.95317713,561.96206775,372356868
1774877400,566.75679548,587.09343336,554.98973452,584.33746382,296857460
1775482200,585.58609083,612.99595101,577.76479111,610.39880682,220018758
1776087000,608.81055326,649.2860465,607.44205806,648.13730965,228805029
1776691800,647.32819934,663.78010886,641.50460296,663.15080085,199750313
1777296600,662.67132807,675.22752131,653.09186163,673.40952038,178384639
1777901400,673.9189602,710.44879208,668.16528693,710.44879208,198521053
1778506200,709.57974768,721.23692947,695.87481759,708.15131838,207024882
1779111000,710.75845158,721.32683061,694.48634435,716.75186124,202975235
1779802200,725.1626128,740.81540102,723.3645899,737.49904768,139784986
1780320600,736.23044263,747.82769033,703.54638196,704.28556915,244635146
1780925400,717.02156467,724.86294231,685.61609806,720.54768736,327702783
1781530200,737.28927834,743.94186317,720.05822557,739.8065104,193882808
1782135000,742.02,745.45,702.81,706.52,246579093
1782739800,713.99,737.62,705.172,712.6,178950790
1783344600,719.93,726.39,700.91,725.51,168377296
1783949400,717.72,724.36,686.76,695.33,192139353
1784554200,702.16,710.05,682.48,684.23,174013313
1785159000,691.68,695.77,661.14,687.99,268607647
1785763800,688.3,728.54,685.82,717.3,138283871