time,open,high,low,close,Volume
1586439000,194.84848163,195.76362504,191.72553066,193.49021615,68323929
1586784600,192.58470583,195.95628681,191.45763447,195.58059636,42853948
1586871000,199.56869501,204.70313119,198.84621337,204.08661353,63959563
1586957400,200.83062961,204.06137484,199.52052957,201.74577302,47035953
1587043800,204.00954882,206.50355544,201.99623332,205.42561283,64657362
1587130200,208.03617982,208.56599969,204.29863781,207.39076289,62863223
1587389400,205.44487901,207.95911512,204.77056281,204.93432532,38249128
1587475800,202.90174364,203.41229733,196.15858167,197.37235083,72932771
1587562200,201.46641345,204.55863487,200.68613328,203.22926865,40188772
1587648600,204.028815,206.56713382,202.3863734,202.79577967,43278542
1587735000,203.20036938,206.43708713,201.81320464,205.99396506,34303365
1587994200,208.24810777,208.68159676,206.6297489,207.65085628,36451698
1588080600,209.29811442,209.34627986,203.46046277,203.73982234,46862816
1588167000,208.27700704,211.89904832,207.24626657,210.96463874,48716406
1588253400,211.93758068,211.96647994,209.37517913,210.87794094,43359476
1588339800,206.66828125,208.72012911,203.91321794,204.93432532,48794968
1588599000,203.84578632,207.54489231,203.37376498,207.32333127,32841020
1588685400,209.42334457,212.06281083,208.8935247,209.67380487,37783075
1588771800,211.32106301,212.9297888,210.10729386,210.96463874,36455218
1588858200,213.61373808,214.55778076,212.33253731,213.6811697,38624836
1588944600,215.34769402,216.74449185,214.31695354,216.60962861,31964416
1589203800,215.29952857,219.56698679,215.05870136,218.54587941,35714128
1589290200,219.13349781,219.72593275,213.94126309,213.97016236,41054123
1589376600,214.48071605,216.3688014,208.75866146,211.29216375,65521208
1589463000,210.11692695,213.72933514,208.06507909,213.69080279,51549345
1589549400,210.7430777,215.13576607,210.31922181,215.07796754,55747208
1589808600,217.97752718,220.28946843,217.19724701,219.08533236,42597551
1589895000,219.3068934,221.41653979,218.39174999,218.53624632,36237303
1589981400,221.06011551,223.2564597,221.06011551,222.90003542,37417000
1590067800,222.99636631,223.61770052,219.96194342,220.47249711,43642908
1590154200,220.07754048,221.43580597,219.15276398,221.23351111,28762389
1590499800,224.87481857,225.00004872,220.3954324,220.63625962,33055346
1590586200,220.12570593,221.95599275,215.72338447,221.84039568,55665565
1590672600,220.64589271,224.90371784,220.64589271,221.55140303,43008478
1590759000,221.97525892,225.02894799,220.36653314,224.79775386,50878596
1591018200,223.87297736,225.84776051,223.48765382,225.47207006,26140125
1591104600,225.81886125,227.04226349,223.49728691,226.98446496,33383415
1591191000,227.56245027,228.75695325,226.71473848,228.00557234,37228701
1591277400,227.64914807,229.06521208,225.10601269,226.40647965,38716097
1591363800,227.39868776,231.48022737,226.98446496,230.8954989,47365569
1591623000,230.75100257,232.81248352,229.18080914,232.68725336,32937305
1591709400,231.82990849,235.22075565,231.6468798,234.37304386,35046254
1591795800,236.01066891,238.72238333,235.53864757,237.18590571,58084410
1591882200,233.40010192,234.65240342,225.37573917,225.4335377,72919442
1591968600,230.31751359,231.57944818,223.23719352,227.22529217,72034787
1592227800,223.91150972,230.66430477,222.97710013,229.98998858,45307371
1592314200,234.83543211,235.42305051,230.32714668,233.93955487,48890095
1592400600,235.43268359,236.49232333,233.82395781,234.68130269,34749268
1592487000,234.36341077,235.55791375,233.59276369,235.31708653,30578648
1592573400,237.68682631,237.93728661,233.55423133,235.27855418,49422112
1592832600,235.23441531,238.22586909,234.85807113,238.10042103,24068676
1592919000,239.69264643,242.35600527,239.14260492,240.12688972,32767370
1593005400,239.30665239,240.59490748,233.68078932,235.17651621,46032376
1593091800,235.36951322,237.71442699,232.69650453,237.41528161,36940811
1593178200,237.14508579,237.34773266,231.28762629,231.80871824,52824554
1593437400,231.57712182,234.34662903,229.03921104,234.33697918,34377800
1593523800,234.26943022,239.47069985,234.08608305,238.9303082,38909219
1593610200,238.98820731,242.71304976,238.42870895,241.71911511,34689213
1593696600,244.11227814,245.36675875,242.89639692,243.35958977,31956497
1594042200,246.51509101,249.8616593,246.48614146,249.34249732,34589049
1594128600,249.06265165,251.7453102,247.32567848,247.62482386,36578191
1594215000,248.96615314,250.91542302,247.5186755,250.88647347,30426273
1594301400,252.71994514,253.66563052,248.60910865,252.99979081,40312906
1594387800,252.8260935,254.97801025,250.18203435,254.72711412,32885298
1594647000,257.52557088,260.34332734,248.66700776,249.48724509,64108090
1594733400,247.10373191,251.65846154,243.90963127,251.2531678,72230512
1594819800,252.51729827,253.49193321,248.47401074,251.7646099,54523869
1594906200,248.93720358,250.6838266,246.66948862,250.04693644,47594111
1594992600,250.61627764,251.19526869,248.16521551,250.33643196,35137871
1595251800,251.01192153,258.06596253,249.72849136,257.43872222,40610128
1595338200,259.01164792,259.01164792,253.91170172,254.75606368,43442967
1595424600,255.19995682,256.57988549,253.3568353,255.65349981,29865519
1595511000,255.28680547,255.95264519,247.56692476,248.97580299,51363538
1595597400,245.22201099,247.93361909,242.52005274,246.61158952,54054536
1595856600,248.34856268,251.39791556,247.46560132,251.01192153,36445741
1595943000,250.24958331,250.75137555,247.52832535,247.81782088,31302390
1596029400,249.28459822,251.53301348,248.87930448,250.67417675,27556884
1596115800,248.75385642,252.54624782,247.56692476,251.98655647,41774456
1596202200,256.52198639,256.6377846,251.71636064,256.48338699,53756159
1596461400,258.66425329,260.69072198,258.49055597,259.94768346,32081566
1596547800,259.330093,261.00916706,258.70285269,260.91266855,24911286
1596634200,261.34691184,262.01275155,260.50737481,261.55920856,21685921
1596720600,261.29866258,265.35159996,260.72932138,265.02350503,28048224
1596807000,264.44451398,265.25683842,259.81741047,261.9645023,44969356
1597066200,262.22504827,262.45664469,257.33257386,260.84511959,35088373
1597152600,259.67748763,260.97056765,255.36400428,255.90439593,43104323
1597239000,258.00806343,263.28653187,258.00806343,262.34084648,38894272
1597325400,263.09353485,265.2068522,262.0031017,262.93913724,31895717
1597411800,263.45057933,263.82692352,261.24076348,262.63034201,30799494
1597671000,264.31906591,266.18148714,262.66681844,265.67969489,24802966
1597757400,266.73152864,268.714573,265.284051,268.23690538,23529498
1597843800,268.19830597,269.25013972,265.92094116,266.43238326,31999359
1597930200,265.66039519,270.6107687,265.23580175,270.12827615,27723379
1598016600,270.26337407,272.45389022,269.67569815,272.00034723,34748934
1598275800,275.07864966,275.98573565,271.42135617,273.69872099,36418533
1598362200,272.87848366,276.04363475,272.48283977,275.85063774,34866586
1598448600,277.0568691,281.98794291,275.8207232,281.73704678,42216690
1598535000,282.81783008,283.56183359,278.59602032,280.85891035,49482715
1598621400,282.03619216,282.91432859,280.74311214,282.28708828,28021022
1598880600,282.89502889,286.35450044,282.37393694,284.55480324,36321027
1598967000,287.17956269,289.53412631,285.43293968,289.4183281,36395774
1599053400,292.6413783,292.87297472,286.49442327,292.15888575,50836767
1599139800,287.75855374,288.16384748,274.45140936,277.34636462,110083282
1599226200,275.75413923,278.81314196,262.28294737,273.65047173,123958978
1599571800,262.73649037,268.47815165,260.21787928,260.49772496,99568645
1599658200,265.89199161,270.23924944,263.44092948,268.15005672,64837872
1599744600,271.13186065,272.31396738,261.08636586,262.80403932,69667462
1599831000,264.72435965,265.58319638,257.55452044,260.9802175,71809014
1600090200,264.6761104,267.51316656,263.40233008,265.52529728,38525194
1600176600,269.13434151,270.6300684,265.49943568,269.28873913,41849926
1600263000,269.97387854,270.54321974,264.64716084,264.99455548,42435626
1600349400,258.15281119,264.78756618,257.34222372,260.85476944,81570844
1600435800,262.10925006,262.56279305,253.4340341,257.52557088,86251117
1600695000,253.69696155,258.6545473,251.36795927,258.51925256,57168570
1600781400,260.97388567,263.90205035,257.58185331,263.32221576,41128886
1600867800,263.00330674,263.18692102,254.40262024,255.28184276,48837270
1600954200,252.78855402,259.66925784,252.44065326,256.47050367,70631704
1601040600,256.8860518,263.24007253,255.41704086,262.43313606,55242376
1601299800,267.31824249,267.88358121,262.54330463,267.88358121,58438286
1601386200,267.41971354,268.37644062,266.11692185,266.67559248,27178921
1601472600,266.81088722,271.64284215,266.59992407,268.50207144,49380802
1601559000,272.31931584,273.37210218,270.43485342,272.76385569,50020223
1601645400,266.73357594,272.75535145,264.24995111,265.09071127,75497391
1601904600,267.05248497,271.06300756,266.94618196,270.74409853,28184581
1601991000,269.90333837,271.73948125,265.03272781,265.9121436,49704236
1602077400,268.49240754,271.3046053,267.96089249,270.5121647,27539663
1602163800,272.83150306,272.97646171,270.88905718,271.95208726,25443287
1602250200,273.57562412,276.18487978,273.20839554,276.1075685,30201144
1602509400,280.83322042,287.46266258,279.74119861,284.63113699,79370657
1602595800,286.38030468,287.06605572,283.2588618,284.62147309,64240031
1602682200,285.39458587,286.38996859,280.50464749,282.24415126,37181227
1602768600,277.59581062,280.93952343,276.90967302,280.35002493,42514177
1602855000,281.9928896,283.41251796,278.46556251,278.81346326,40570702
1603114200,280.72691741,281.68364449,273.28570682,274.26176172,36756754
1603200600,274.99621887,277.95337528,273.44032938,274.85126022,32195361
1603287000,275.10252188,277.66345799,274.15545871,274.6386542,29306137
1603373400,275.46975045,276.36849407,271.38191658,274.62899029,32196162
1603459800,275.2184888,275.33445571,272.31139143,275.17016925,24658542
1603719000,272.83150306,275.7113482,267.45836918,271.04367974,38421094
1603805400,271.96175117,273.97667638,270.78275417,273.160076,30559123
1603891800,268.78232483,269.27528087,262.25918568,262.51044733,53413523
1603978200,263.86339471,270.09661657,263.3608714,267.10080452,43246302
1604064600,265.15352668,265.98945488,258.09404053,260.32640371,65935893
1604327400,262.59742252,264.32726239,257.99740143,260.9062383,39987409
1604413800,262.72305335,267.51635264,261.73733455,265.4192842,43604145
1604500200,274.02982788,279.06472492,272.39662712,277.26723768,75728206
1604586600,283.54877909,285.46223324,282.1861678,284.49584226,52054186
1604673000,283.71306556,285.43324151,280.08909936,284.70844827,40959764
1604932200,287.31770394,289.08619944,278.43657078,278.89077454,86537071
1605018600,275.67269256,277.0255433,271.18863838,273.89453314,69024878
1605105000,276.31051061,280.49498358,273.85587751,280.02145199,36102931
1605191400,280.94918734,282.25768073,277.59581062,278.70716025,34516826
1605277800,280.26304974,281.77061968,278.19506967,281.15212945,24880582
1605537000,280.9105317,283.64541819,280.24372192,283.34583698,30168361
1605623400,283.53911518,283.86768812,281.80927532,282.44709337,21843463
1605709800,281.89625051,283.51012345,280.27271365,280.35968884,28069619
1605796200,279.75086252,282.86264149,279.1420362,282.55339638,22718422
1605882600,282.4760851,283.2153742,280.53363922,280.6206144,25907308
1606141800,281.61599712,282.91096104,278.38825123,280.63027831,26875588
1606228200,281.6933084,285.06601294,279.89582117,284.57315354,24516791
1606314600,285.51055279,286.96013927,284.68912045,286.32232122,23326826
1606487400,288.2647671,290.08158215,287.88787462,288.96056861,17163115
1606746600,289.240822,289.88830396,284.87273474,289.55006711,27836232
1606833000,291.72444683,294.88454535,290.7194002,293.2610085,27642640
1606919400,292.06268367,293.97130587,290.25553253,293.63790098,23620003
1607005800,293.850507,295.59967468,293.32962226,294.0534491,22828727
1607092200,294.10176865,295.39673257,293.42529496,295.25177393,19332081
1607351400,295.43538821,297.29085891,295.25177393,296.92363033,20850969
1607437800,296.45009875,298.22825816,294.70093107,297.92867696,18341464
1607524200,297.71607094,297.99632433,290.12023779,291.18326788,48839306
1607610600,289.15384681,293.47361451,288.0714889,292.35260097,27519544
1607697000,290.70007238,291.83074984,288.43871748,291.70511901,26760416
1607956200,292.89377992,295.76396115,292.82613255,293.82151527,28804832
1608042600,296.07320626,296.96228597,293.88916264,296.96228597,25790455
1608129000,297.35850628,299.37343148,296.3157704,298.59548674,25461890
1608215400,300.19003186,300.77953036,298.99170704,300.54759653,23730524
1608301800,301.18541458,301.49465969,297.27153109,299.639189,41173392
1608561000,296.69731931,299.61143186,293.92842832,299.07895282,37095480
1608647400,299.97932647,300.81241412,297.07005464,299.89219353,26378343
1608733800,299.94060072,300.29881389,298.22214565,298.38188936,21201280
1608820200,298.64328816,300.1439109,298.56583666,299.69856479,16784997
1609165800,302.30287136,303.19356356,300.47307976,302.71917315,22497745
1609252200,304.04553002,304.66030127,302.08987974,302.99025338,25871925
1609338600,304.15202583,304.47151325,302.38032285,302.99993482,18138071
1609425000,302.90312045,304.22947733,301.82848094,303.74540547,21611412
1609770600,305.07176235,305.24602821,295.45809537,299.45652887,45305898
1609857000,298.46902229,302.19637555,298.46902229,301.92529531,29323409
1609943400,297.22011691,301.94465819,296.23261034,297.74291451,52809622
1610029800,300.39562826,305.77850725,300.36658395,304.94590367,30394826
1610116200,307.23072281,309.2154174,305.04407344,308.86688566,33955847
1610375400,305.91404737,307.08550125,303.75508691,304.40374319,32869095
1610461800,304.44246894,305.52678989,301.28632047,303.91967134,29266762
1610548200,304.18107014,306.76601383,303.58082104,305.97213599,22898417
1610634600,306.41748209,307.41467011,303.86313175,304.33597313,23500129
1610721000,304.12298152,305.08144378,300.68607137,301.92529531,35118718
1611066600,304.23915876,306.83378389,303.14515638,306.33034916,24537049
1611153000,309.94152517,314.39498621,306.42619539,313.45588682,30728096
1611239400,314.79192513,316.70884966,313.41716107,315.96337901,25316935
1611325800,314.92746525,316.06019338,314.3659419,315.05332393,21609444
1611585000,318.43214545,319.79722807,311.17106768,317.65763049,39080644
1611671400,318.37405683,319.2550676,316.79598259,318.12233947,25498112
1611757800,315.86656464,315.87624608,307.25008568,309.25414315,55263985
1611844200,310.45464134,316.02146763,309.83502937,311.08393474,42836324
1611930600,309.3993647,310.50237082,302.79662464,304.53928331,55259018
1612189800,307.97619346,313.23321377,305.95277312,312.14889282,35646008
1612276200,315.11141255,318.3934197,314.94682812,317.2413287,33930844
1612362600,319.31315622,319.67621011,315.92465326,315.98274188,24824518
1612449000,317.37686882,319.80690951,316.06019338,319.71977658,22350947
1612535400,320.66855741,321.81338734,319.03239455,320.80409753,22731960
1612794600,322.48866757,323.10827954,320.85250471,322.95337655,20462812
1612881000,322.02395859,324.1441933,322.01427715,322.88560649,17597478
1612967400,324.31845917,324.77348671,319.00335024,322.14981727,28068700
1613053800,323.67948432,324.32814061,321.53988674,323.92152025,22046071
1613140200,323.07923523,325.8965334,322.03364003,325.73194898,20346819
1613485800,326.52582681,327.41651902,323.68916576,324.85093821,27080777
1613572200,321.87873704,324.96421102,319.65200652,323.29222684,31467456
1613658600,319.71009514,323.23036246,317.89966642,321.87873704,32236240
1613745000,323.22445678,323.35031547,319.45837778,320.47492867,39157677
1614004200,316.09891913,317.35750594,311.96494551,312.16825569,47256944
1614090600,306.90155395,312.90404491,301.09269173,311.23883774,97241936
1614177000,308.58612399,314.11422454,305.89468449,313.80441855,58206272
1614263400,311.1517048,313.70760418,301.32504622,302.8643947,110182582
1614349800,305.78818869,308.94433716,300.97651448,304.13266295,104739841
1614609000,309.09924015,313.62047125,307.80676831,313.28162095,49164518
1614695400,313.9205958,313.99804729,308.00523777,308.25695513,48370034
1614781800,307.16295275,308.10205214,299.25321869,299.31130731,86301073
1614868200,298.94341271,302.09956118,290.5496068,294.41250017,139131582
1614954600,297.02164745,299.74600384,287.97434455,298.84659833,121523726
1615213800,298.30443786,300.18263665,289.96872058,290.38502237,88409781
1615300200,297.67514445,303.73572404,297.14266542,301.83816238,80391114
1615386600,306.08831324,306.38843778,300.28913245,300.97651448,76798065
1615473000,305.71073719,309.67044494,304.82004498,307.9084234,53484804
1615559400,303.86158272,308.09256433,301.47123591,305.41061264,69315601
1615815000,305.73010007,308.83784135,304.08909649,308.67325692,43123176
1615901400,310.86126169,313.87218861,308.93465572,310.3675084,54925896
1615987800,307.33721861,313.53333831,305.62360426,311.64545809,78258729
1616074200,306.77569526,307.75361722,301.64453364,302.09956118,82942269
1616160600,301.93497675,304.70386774,299.79547598,303.16451925,78446204
1616419800,305.55369354,310.91428465,305.55369354,308.84953618,56194755
1616506200,309.93522552,311.25356257,306.68300432,307.50211816,53455411
1616592600,308.86892348,308.9076981,302.17060801,302.31601283,64803729
1616679000,300.47227968,303.29991879,297.97315853,301.79255547,78729008
1616765400,301.57929506,306.63938288,300.18340877,306.31949227,63519634
1617024600,305.78634125,307.27916409,302.89763212,306.23224937,54607963
1617111000,304.2741311,305.26288389,301.99612222,304.69095826,44635676
1617197400,306.47459074,310.91428465,306.13531283,309.35360623,55032535
1617283800,313.17290622,314.76266561,312.9208712,314.62695445,55685602
1617629400,317.10853008,321.6742415,314.69238662,320.90844277,42172475
1617715800,320.59824582,322.63391333,319.90999632,320.68548871,33537210
1617802200,320.21049962,322.29463541,319.27990876,321.46098109,32046381
1617888600,324.31091561,324.9991651,323.51593898,324.81498566,29940799
1617975000,323.45787399,326.98636434,322.72115622,326.78279759,36664892
1618234200,325.74557652,326.77310393,324.47570774,326.35627678,25833013
1618320600,327.87818058,330.63117855,327.66492018,330.16588312,30374033
1618407000,330.40822449,330.534242,325.3869113,326.2011783,42564337
1618493400,329.07050013,331.53268845,325.91550629,331.14494226,36342821
1618579800,331.66839962,331.74594886,329.66181307,331.53268845,40860099
1618839000,329.96231637,331.11586129,326.58078182,328.49857449,34533129
1618925400,327.83940596,329.1189684,324.13798081,326.10424175,38081818
1619011800,324.82467932,329.08019378,323.73898998,328.89601434,36598082
1619098200,328.50826815,329.48732728,323.7777646,324.93130952,45936143
1619184600,325.56139708,330.32776716,325.56139708,329.02203185,36414916
1619443800,329.26437322,331.44544556,328.5179618,331.16432957,30811968
1619530200,331.45513921,331.66839962,328.77969048,329.72966865,33187183
1619616600,329.40008439,330.40822449,327.96552041,328.61489835,33615696
1619703000,331.88166002,332.29848718,326.57932778,329.79752424,37708884
1619789400,327.35472322,329.83629886,326.72463566,327.63583921,38263421
1620048600,328.83785241,329.58426383,325.44507322,325.89098135,29729730
1620135000,323.34155013,323.66144074,316.21671384,320.02632018,65146972
1620221400,322.07168135,322.93441663,318.17483211,318.9503245,46219307
1620307800,318.68859582,321.50944937,316.44936155,321.35435089,46814283
1620394200,324.12673617,326.33688947,321.53019379,323.96194404,53324460
1620653400,322.58544505,322.75993084,315.57693262,315.78049937,60700462
1620739800,309.90614455,316.13906766,309.24697602,315.3442849,71963612
1620826200,310.41990826,312.73669176,306.31949227,307.18222755,91164855
1620912600,310.11940496,312.52343135,307.1919212,309.55717298,69877765
1620999000,312.71730445,317.30240318,312.2132344,316.39119962,44370015
1621258200,314.68511638,316.37384798,311.60253414,314.47185597,39394997
1621344600,315.42183414,316.64323465,312.07752323,312.34894556,36528454
1621431000,306.95927349,313.00811409,306.61030191,312.70761079,66319108
1621517400,314.19073998,319.60949302,313.96778592,318.7564514,46466135
1621603800,320.30743617,320.72426333,316.63354099,316.99220622,50330449
1621863000,319.27990876,323.44818033,316.88867799,322.32371637,32475771
1621949400,323.83592652,324.55325698,321.59184543,322.76962449,31280314
1622035800,323.43848668,324.35938389,322.75023719,323.89408845,25444932
1622122200,323.44818033,324.2915283,322.47881485,322.6823816,27931747
1622208600,323.8843948,325.28987781,323.38032475,323.70021536,29927449
1622554200,325.02824607,325.49838833,321.27680165,322.62421967,31145424
1622640600,323.04104683,324.0976552,321.53368351,323.25430724,22047940
1622727000,320.42376003,321.69362881,318.22330038,319.89060901,37057825
1622813400,321.68393516,325.76321898,321.61607957,325.31905571,38736545
1623072600,324.7859047,326.34658312,324.0976552,326.28842119,32611852
1623159000,328.02843223,328.89601434,324.76651739,326.44351967,27282819
1623245400,327.810325,328.58581739,326.33785883,326.52106891,21485319
1623331800,326.86034683,330.03017195,326.41443871,329.92354175,33702067
1623418200,329.93323541,330.79597068,329.28376053,330.78627703,21222830
1623677400,331.21279784,333.96579581,330.03017195,333.95610216,27827716
1623763800,333.60713058,333.91732754,331.05769936,331.77502982,35963780
1623850200,332.24032525,333.30662728,327.11238185,330.56332297,55399538
1623936600,329.55518287,335.76881561,329.50671459,334.76067551,59722700
1624023000,333.10306053,334.24516694,331.38728363,332.13369505,55414862
1624282200,332.32467719,334.51798318,330.11196141,334.19772169,32992649
1624368600,333.99391892,337.7594177,333.69306721,337.31299259,28941626
1624455000,337.25476322,338.62315325,336.64335492,337.47797578,27188454
1624541400,339.40924964,341.08819626,338.86577559,339.56452794,32581605
1624627800,340.12741178,340.37003412,338.5455141,339.14721751,28682801
1624887000,340.42826349,343.40766587,340.37003412,343.27179736,39130305
1624973400,343.09710927,344.54304139,342.26248841,344.51402376,29426039
1625059800,344.35874546,344.74694121,343.38825608,343.97054971,32723964
1625146200,343.62117353,344.6110727,342.2721933,344.10641822,29289978
1625232600,345.99887251,348.37657148,345.76595506,348.05630999,32727244
1625578200,348.6580134,349.84201044,345.96975783,349.56056852,38842397
1625664600,351.75387451,352.05472622,348.3474568,350.29814044,35265242
1625751000,345.24189079,349.03650426,343.96084482,348.1824736,50890021
1625837400,347.60017998,350.8319096,347.01788635,350.35636981,35184534
1626096600,351.75387451,352.18088984,350.18168172,351.72475983,25717677
1626183000,351.34626897,354.67989998,350.87072918,351.72475983,39723015
1626269400,354.06363923,354.70416221,351.53066195,352.35557792,35336350
1626355800,352.26823388,352.47203665,347.8816219,349.88083001,53391557
1626442200,350.73486066,351.71505493,346.69762486,347.04700103,47261961
1626701400,343.60176375,344.69841674,341.6510801,344.20346716,64404625
1626787800,345.13513696,349.64791256,343.3591414,348.20188339,42183702
1626874200,347.77486807,350.89013896,347.55165551,350.89013896,30259860
1626960600,351.09394173,353.21931347,351.09394173,353.20960857,30252240
1627047000,354.52947413,357.6107779,353.17632079,357.33418842,31960799
1627306200,356.64514097,358.00382609,355.78237591,357.61563034,28438126
1627392600,357.35359821,357.35359821,349.53145384,353.67544347,57933148
1627479000,354.81091605,356.60632139,352.52056112,355.0341286,42066195
1627565400,354.47124476,356.82895165,354.47124476,355.6649467,25672533
1627651800,351.74416962,354.39360561,351.71505493,353.81131199,36484649
1627911000,355.47084882,356.05314245,353.13196942,353.84042667,27334097
1627997400,354.50035944,356.10166692,351.31715429,355.98520819,35558511
1628083800,355.94638862,357.45064715,354.84003073,356.49956756,29602236
1628170200,357.31477864,358.99372526,356.60632139,358.76080781,21443925
1628256600,357.49917162,358.46966099,356.07740468,357.18861502,33332107
1628515800,357.64474502,358.37261206,356.54809203,357.84854779,25960245
1628602200,358.36290716,358.65405398,354.83032583,356.01432287,35130796
1628688600,357.27595906,357.77090864,354.07334412,355.40291457,34249812
1628775000,354.89826009,357.04304161,353.54442741,356.68396054,26003877
1628861400,357.03333672,358.26585823,356.53838714,357.93589184,19336190
1629120600,356.81982905,358.12998971,352.96698623,358.09117014,35044107
1629207000,355.3446852,356.31517458,352.51085622,354.93707966,44793902
1629293400,354.40331051,355.80081521,351.18613822,351.52095706,38541940
1629379800,349.5896832,354.8885552,349.33735596,353.21931347,48499368
1629466200,354.28685178,357.27595906,353.97629518,356.87805842,39486034
1629725400,357.91648205,362.899945,357.90677716,362.21574999,34034744
1629811800,362.80774851,363.92381129,362.34191361,363.32210788,21732913
1629898200,363.57443512,364.31200704,362.82230585,363.73941831,20441880
1629984600,362.88538766,363.56473022,360.99293337,361.42965359,29133325
1630071000,362.06047169,365.44747961,361.575227,364.94282514,27104749
1630330200,365.72892153,369.52353499,365.70951174,369.0382903,27295665
1630416600,369.28091265,369.34787642,367.19436049,368.7374386,29628175
1630503000,369.79527202,371.41598928,369.14504414,369.34884691,28138311
1630589400,370.69782714,371.02779353,367.9610471,369.17415882,25503535
1630675800,368.02898135,370.70753203,368.00986271,370.30963139,24624937
1631021400,370.41638522,371.48198255,369.25975598,370.83369565,23970203
1631107800,370.65900756,370.65900756,367.28170453,369.54294478,32949159
1631194200,369.76615734,370.87251523,368.02898135,368.2716037,29398978
1631280600,369.979665,370.69782714,365.14177546,365.47659429,40249405
1631539800,367.8057688,368.23278412,363.17653447,365.22426706,48741781
1631626200,366.7091158,367.43698283,363.23476383,364.18584342,41826624
1631712600,364.64197343,367.24288496,362.3516185,366.89350878,34097865
1631799000,365.56393834,367.71842475,363.63751692,367.14583602,35193083
1631885400,366.67029623,366.7188207,361.75961998,362.79804361,60912267
1632144600,357.01131278,358.75041432,350.66699266,355.3013582,76203202
1632231000,357.12790059,358.32292567,354.61154698,355.7385625,41927483
1632317400,356.65183369,360.5186628,355.55241062,359.06131515,46972920
1632403800,360.21747762,363.40421116,359.57527309,362.37435215,44652002
1632490200,360.11060546,363.13217293,359.74141072,362.71439994,36056800
1632749400,359.67340116,360.69509903,357.27363536,359.81913593,43338079
1632835800,355.27221125,359.7725008,349.1319198,349.63713365,97701632
1632922200,350.90016828,353.03761151,348.43725075,349.06391024,58076621
1633008600,350.70585526,352.36723159,346.94589831,347.7814443,61384577
1633095000,348.40324597,350.97789349,344.30324123,349.93831883,56375488
1633354200,348.32552076,348.65585289,340.35868691,342.59328665,76766005
1633440600,343.65229261,349.46225193,343.42883264,347.21793654,47232904
1633527000,344.0117717,349.71485886,343.10821616,349.44282063,56806536
1633613400,352.4838194,355.29164255,351.94945859,352.64898547,39411172
1633699800,353.72742273,353.95729504,350.35609183,350.89045263,41822309
1633959000,349.35537977,352.87244544,348.11177644,348.1992173,34847182
1634045400,349.6468493,350.0840536,346.34352795,346.98476092,43905101
1634131800,349.28737021,350.43381703,347.2665148,349.76343711,40120795
1634218200,353.34851234,356.41865807,352.68784807,356.20491375,43433867
1634304600,357.41937012,358.56581695,356.38951112,358.44922913,40419878
1634563800,357.15704755,362.26747999,356.55467718,362.05373567,34513514
1634650200,363.12245728,364.84212751,362.09978785,364.79354926,29090963
1634736600,365.25018486,365.85741305,362.8407034,364.31748236,31390338
1634823000,363.52079897,366.73667946,363.21961379,366.54236644,25469277
1634909400,365.28904746,366.25089691,361.79627091,363.46250507,36275822
1635168600,364.88099012,368.09687061,362.93785991,367.18359941,32597804
1635255000,369.41819915,371.8276806,367.15931028,368.33976188,47191279
1635341400,368.78668183,372.25516925,368.52435925,369.19473917,45760496
1635427800,371.08929113,373.54735084,370.31689687,373.29474391,38007005
1635514200,370.22459818,375.29616802,369.87483475,375.13100195,37310116
1635773400,375.56820625,376.53977135,373.48905693,376.41346789,30765303
1635859800,375.80138188,378.46347026,375.75280362,377.98740336,25135292
1635946200,378.47318591,382.41774023,377.43361125,381.99996723,33748901
1636032600,383.26300187,387.84878915,382.71892541,386.89665535,40265313
1636119000,388.66490384,389.58789069,385.86679634,387.26585009,43383802
1636381800,387.23670314,388.2568465,386.09997197,386.74120494,29256270
1636468200,387.80992655,388.20826824,382.71892541,384.07911655,50490720
1636554600,381.31015601,384.11797916,376.5106244,378.4343233,54937385
1636641000,381.40731252,381.58219424,379.14356583,379.48361362,32242983
1636727400,380.63006044,384.011107,379.03669367,383.47674619,34730564
1636986600,384.65233996,384.97295645,380.9458191,383.38930533,33716861
1637073000,382.6606315,386.61490147,382.46631848,386.11940327,27872940
1637159400,386.44001975,388.35361438,385.36158249,386.32343194,28703263
1637245800,388.36371866,390.83149402,386.14855022,390.32628017,45721515
1637332200,391.95850954,393.77533628,391.1326792,392.502586,45191721
1637591400,394.03765886,397.08837328,387.8390735,387.94594566,61715370
1637677800,386.78978319,388.84950121,381.74736031,386.17769718,70098736
1637764200,383.70020616,387.70305439,381.37816557,387.42130051,46954382
1637937000,384.84665298,386.23599108,378.68693023,380.07626833,51533314
1638196200,384.63290866,389.33528376,383.90423483,388.32485605,54447106
1638282600,387.44073181,389.78220371,380.61062914,382.6217689,81332693
1638369000,386.95494926,389.09239249,375.64593146,376.11228271,78379245
1638455400,374.82981677,380.60091348,373.41133172,378.82294935,84416623
1638541800,380.18314049,381.18385255,368.12601756,372.23573795,105349104
1638801000,372.7215205,376.57863396,368.5146436,375.21844281,67588801
1638887400,381.85423247,387.12983098,381.81536986,386.51774496,56005264
1638973800,386.8480771,388.45115952,384.95352515,388.24713085,39204041
1639060200,387.02295882,388.82035426,382.33991786,382.53432804,49973714
1639146600,385.34215119,386.95494926,382.17484895,386.69262668,52545767
1639405800,386.68291103,386.99866969,380.7369326,381.10612734,50166410
1639492200,376.28716443,378.99783106,372.7215205,377.16157302,75199181
1639578600,376.90896609,386.11920896,372.96441177,385.75992418,73858028
1639665000,386.72177363,387.14440445,374.25659336,375.84024448,82591368
1639751400,372.43005097,378.12342247,370.91440941,373.96512383,81642848
1640010600,369.24351786,371.12589955,367.20548704,370.33792582,65336827
1640097000,373.6065576,378.93754037,369.86222316,378.62624211,48899477
1640183400,378.33439999,383.44163714,377.67289118,383.23734765,37042200
1640269800,383.5875582,387.59065932,383.422181,386.12658467,29595536
1640615400,387.42041808,392.50819909,387.39065018,392.50819909,32820705
1640701800,393.4031816,393.57828687,389.81352349,390.68904985,33113728
1640788200,390.82524285,392.08989204,388.25703216,390.63068143,32248484
1640874600,390.41666387,392.59565444,388.87962869,389.46331294,23850065
1640961000,388.79207606,390.15293588,386.53516364,387.03129525,34752884
1641220200,388.19866374,391.01007619,386.08767238,390.75714635,40575854
1641306600,391.30191831,391.3408306,382.59334937,385.68882148,58027206
1641393000,384.00586524,385.12459338,373.58710146,373.8400313,75739847
1641479400,372.02088206,376.81682095,369.79315386,373.57737339,70814324
1641565800,373.58710146,375.2700577,367.75998707,369.53049595,72652304
1641825000,364.62754828,370.28928547,359.2673813,369.77369772,91770497
1641911400,369.03922838,375.49370604,366.96053421,375.32842612,68295698
1641997800,377.8966368,379.58932112,374.54045239,376.81682095,54576366
1642084200,378.198207,378.87917195,366.45642559,367.39032038,77993962
1642170600,364.87075005,370.00717142,364.66646057,369.67641701,80121210
1642516200,363.86875877,365.98947819,359.71526167,360.47366207,75812296
1642602600,362.03015339,364.50108336,356.25167936,356.51433727,81791482
1642689000,359.73432869,363.70338156,351.3487317,351.88377559,88610680
1642775400,349.69495967,352.33126684,341.84440656,342.12652061,143388920
1643034600,336.49883168,344.35424882,325.0634845,343.69274001,199448109
1643121000,337.24302909,341.48398154,332.38872178,335.72545005,124398394
1643207400,343.31334525,347.17538934,331.51319541,335.20013423,146559524
1643293800,339.89879241,341.71794164,330.80304625,331.82449368,95255656
1643380200,333.70201133,342.44754695,328.76015139,342.23352939,108167897
1643639400,343.5954593,353.76129324,341.96114341,353.177609,94326389
1643725800,354.52008276,356.23222322,349.37393333,355.58044248,74433023
1643812200,359.70514448,360.03589889,354.37902574,358.46967949,78777135
1643898600,348.78052101,352.08806507,342.87558206,343.93594177,95384771
1643985000,344.45152953,351.57247732,342.39890659,348.27466133,86318301
1644244200,348.86807365,351.23199485,344.21805583,345.47297696,58198087
1644330600,344.33479268,350.44402111,343.20633647,349.35447719,64720897
1644417000,353.86830202,356.8353636,352.27289842,356.75753904,55766422
1644503400,349.74360002,356.52260613,346.84463493,348.68324031,112468483
1644589800,348.68324031,350.27864391,336.39668693,337.62242385,101569102
1644849000,337.06792382,341.43582759,334.53862542,338.04073089,80254439
1644935400,343.31334525,346.67925773,342.25298553,346.44578403,55390805
1645021800,344.19859969,347.3792897,341.17316968,346.35823139,58947086
1645108200,343.14796804,343.84838914,335.63789742,336.05620446,61801353
1645194600,336.99009925,337.37922208,329.91779181,332.22334458,80001513
1645540200,329.28546721,334.68454648,325.25804591,328.88661631,85967095
1645626600,332.03851123,332.87804374,320.15080876,320.46210703,86215371
1645713000,310.16980816,331.76612525,309.60558006,331.23108136,130614053
1645799400,332.02878316,336.57179221,328.21537942,336.36750272,78842088
1646058600,333.19615165,339.06217832,332.03851123,337.36949401,77515544
1646145000,336.34804658,338.61274145,329.68431811,332.20388844,67407000
1646231400,333.75065169,339.11081868,330.98787959,337.77807298,70609015
1646317800,340.41438016,340.52138894,331.09488837,332.95294989,71089385
1646404200,330.59875676,332.02878316,325.81254595,328.12782679,77009763
1646663400,328.11809872,329.27573914,315.82181727,316.02610676,89933794
1646749800,315.23813303,324.14904585,311.23989595,314.55716807,116153921
1646836200,322.72874751,327.23284428,320.14108069,325.88064244,64723366
1646922600,321.82403693,323.46808089,317.82579985,322.26180012,69362714
1647009000,325.2288617,325.54015996,315.09221197,315.5786155,66228432
1647264600,314.34315052,317.709063,308.81760633,309.51802742,79802606
1647351000,312.1543346,320.0048877,310.54920292,319.22664204,76470991
1647437400,323.13732649,331.18244101,319.47081662,331.06570416,105242954
1647523800,329.16873036,335.13203774,327.87548063,335.07366931,67809951
1647610200,333.41989728,342.22380132,332.26225686,341.9319592,85446347
1647869400,341.09790513,343.31864535,336.59311412,340.98102407,73799072
1647955800,341.47776859,348.54907296,341.09790513,347.68220507,63345928
1648042200,344.80887891,348.36401128,342.62709905,342.68553958,70615457
1648128600,344.60433705,350.35098936,342.45557609,350.30228892,53555251
1648215000,350.24384839,351.29577797,345.71840839,350.01008626,57584158
1648474200,350.00034617,355.52297645,348.76335491,355.42557556,56833866
1648560600,359.31187094,362.16571692,356.54568576,361.54235124,68072955
1648647000,359.67712426,361.33780938,356.06842141,357.54891489,68757710
1648733400,357.69501622,358.04565941,352.27952692,353.11717455,67011405
1648819800,353.38015694,354.15936403,349.26983952,352.44510843,54527761
1649079000,353.28275605,359.71121457,353.01977366,359.70147449,45950171
1649165400,358.25020127,358.96122775,350.5750114,351.71460178,62738661
1649251800,346.40625345,347.50688347,341.44854832,344.07837226,90077072
1649338200,343.08488322,347.08805966,339.62715174,344.89653971,63777373
1649424600,343.16280393,343.91279076,339.44209006,340.07519582,61956094
1649683800,335.84799734,336.76356567,331.68410943,332.02988258,66107401
1649770200,336.77330576,338.65314288,329.24908727,330.62730981,72790215
1649856600,330.96821292,338.39990057,330.24744636,337.34797099,61367755
1649943000,337.43563179,337.95185649,329.41953882,329.63382077,73519367
1650288600,328.58189119,332.17598391,327.06341137,329.88706307,58560555
1650375000,329.24421722,337.83497543,328.22150791,337.2603102,56515684
1650461400,338.06873756,338.52652172,331.12405434,332.34156542,65500022
1650547800,336.21812071,338.82846447,324.5397544,325.46506282,75801008
1650634200,325.62090424,326.83841532,316.51392133,316.94248524,82562145
1650893400,315.31589043,321.32552514,314.0496789,321.0138423,101755856
1650979800,318.95868359,319.14374527,308.61957947,308.897172,105819629
1651066200,308.99457288,314.48798289,306.81279302,308.52704863,111204164
1651152600,313.48475376,321.31578505,309.26729537,319.48464838,99449957
1651239000,315.28667016,318.72005142,304.47517174,305.10827751,91977859
1651498200,304.69919378,310.43610601,301.59697554,310.20234388,115511770
1651584600,310.22182406,312.82242773,307.76732171,310.53350689,78185527
1651671000,311.01077124,321.70538859,305.73261719,321.03332248,116083395
1651757400,316.7184632,316.79638391,301.57262532,304.86477529,154607447
1651843800,302.86805711,306.90045382,297.17497529,301.21224204,139572805
1652103000,295.59221088,301.30837671,288.03390207,289.42673475,113387342
1652189400,296.59544001,297.81295109,288.86180961,292.94290676,124124550
1652275800,290.68320619,296.18635629,283.38787978,284.25474767,140326148
1652362200,279.97884874,288.06312234,277.53408649,283.58268155,120910850
1652448600,288.03390207,295.12371261,286.43896255,294.09223722,83684931
1652707800,292.34876135,294.40392006,289.40725457,290.68320619,59190432
1652794200,296.53699948,298.59215819,292.7383649,298.21229473,62715293
1652880600,293.70263368,294.39417997,282.31647002,283.57294146,79477109
1652967000,281.77102506,286.73847028,280.1054699,282.05348763,79920709
1653053400,285.51121911,286.16380505,272.92702455,281.17687965,91764174
1653312600,282.21906914,286.23198567,279.82300732,285.85212221,63648400
1653399000,280.63630473,281.35220125,274.91400264,279.77430688,73491124
1653485400,278.28407332,285.76446141,278.07953145,283.68982253,67144548
1653571800,282.89113525,293.09874818,282.60867268,291.55007408,59462231
1653658200,294.67664254,301.21224204,294.55976148,301.06614071,66985596
1654003800,301.03692044,303.23818048,296.42011841,300.26745344,60968330
1654090200,302.40053286,304.52387219,295.83571309,298.04671322,65341653
1654176600,296.92660302,306.38422912,295.51438757,306.20890752,59291333
1654263000,300.99796009,302.40053286,296.99478365,298.24151499,60914684
1654522200,302.67325534,304.23166953,297.67658985,299.23500404,51785013
1654608600,295.9136338,302.59533463,294.82138026,301.81612754,44900292
1654695000,301.01744026,303.61804394,298.79670005,299.64408776,38342062
1654781400,297.95905242,301.01744026,291.45267319,291.6182547,55900475
1654867800,286.01770372,287.20599453,280.88857302,281.33272107,85963456
1655127000,272.47898047,275.00166343,267.39465419,268.25178199,94442009
1655213400,270.44330194,271.4173108,266.23314861,268.73878642,64697521
1655299800,272.1526875,279.37496325,269.42059263,275.44970751,86051428
1655386200,268.42710358,268.88488775,262.28110763,264.33626634,81910297
1655472600,265.10573335,269.98551777,263.48098916,267.5504956,82703402
1655818200,272.0272585,276.61390644,271.91991142,274.30106482,51633741
1655904600,271.80280551,278.30218324,271.20751716,273.90095298,67472924
1655991000,276.37969463,278.82915981,273.54963526,277.980142,57457796
1656077400,280.80044255,287.9243851,280.56632833,287.50475561,58422262
1656336600,288.86123234,289.42714663,284.26482557,285.39684932,54151452
1656423000,285.93358472,288.51967345,276.51631819,276.70173587,61867060
1656509400,276.56511232,278.45832445,274.06685301,276.95546533,57302726
1656595800,273.97902358,277.09609001,269.12888735,273.52035879,79313580
1656682200,272.22243501,275.71609451,270.34874053,275.32574149,56675107
1657027800,271.59787018,280.15636007,270.075591,280.03925417,61829272
1657114200,280.41984836,283.93302551,278.70229508,281.83487804,63194715
1657200600,282.64486055,288.56846758,282.64486055,287.86583215,56620114
1657287000,285.03577278,289.59314425,284.09892554,288.22690869,59895478
1657546200,285.81647881,286.0409318,281.19079557,282.06908985,55273920
1657632600,283.31821951,285.23094929,277.74593019,279.33661874,55797088
1657719000,273.8326412,281.10296614,273.26662933,278.76084804,73939418
1657805400,276.16500048,280.62478369,273.05193517,279.75624823,63741837
1657891800,282.74244881,284.93818453,281.13224261,284.83083745,63818149
1658151000,287.61210269,289.01737355,281.24934852,282.42040757,59519581
1658237400,286.0409318,291.39852695,284.44048443,291.10576219,55172640
1658323800,291.52539168,296.90250449,290.74751571,295.72168661,67769430
1658410200,296.18035141,300.02044921,293.52595089,299.96677567,55049363
1658496600,299.03968725,301.10855824,292.876989,294.70676877,57127715
1658755800,294.73604524,295.20446886,291.02769159,293.0282508,40582381
1658842200,291.33021517,291.58394463,286.46056129,287.2705438,50074122
1658928600,291.82791527,301.09879942,291.2619034,299.41052262,69304364
1659015000,299.19582846,302.91052535,295.44356009,302.33817024,55139941
1659101400,303.87518525,308.75947737,302.45625203,307.8519066,57501043
1659360600,306.0855592,311.12111312,304.99257076,307.66648892,46358833
1659447000,305.37316495,310.86250425,304.31930939,306.74915933,48676501
1659533400,308.4276773,315.92157693,308.36912435,315.10271389,53735729
1659619800,315.18078449,316.88857894,313.0338429,316.57629653,38973659
1659706200,311.49194848,316.02004348,310.71124245,313.99020779,53893972
1659965400,314.90753738,318.59637339,311.51146614,312.97528995,44066297
1660051800,311.08207782,311.33580728,307.8128713,309.43283632,39764220
1660138200,316.76171421,318.36216158,314.29282897,318.06939682,51459564
1660224600,320.38711785,322.39255648,315.56137868,316.26401411,45897650
1660311000,318.30848804,322.61213005,317.25951189,322.42183295,40928379
1660570200,321.47522689,325.5204552,321.45570924,325.02743934,38266614
1660656600,324.04667738,326.35551789,321.22149743,324.26625096,41186864
1660743000,321.133668,323.4367508,318.48902631,320.56765612,47842155
1660829400,320.518862,322.51942121,318.9086558,321.33860333,41937172
1660915800,318.30360863,318.95744993,314.31224903,315.07343741,51770570
1661175000,310.81858953,311.05280134,305.9684533,306.77843581,51098890
1661261400,306.544224,309.35476572,305.77327679,306.52470635,39497074
1661347800,306.0465239,309.22790099,305.44147673,307.41275946,38057059
1661434200,309.18886569,312.86794287,308.14242684,312.84842522,38098255
1661520600,312.55566046,313.75599598,299.93749919,300.02532862,69047740
1661779800,297.27333985,299.81063446,295.96565725,297.06840452,48321851
1661866200,298.71764601,299.33245202,291.24238574,293.7601627,51184500
1661952600,296.65853385,297.55634579,291.94502117,292.05236825,50044041
1662039000,289.56386777,292.55006835,285.88479059,292.17923298,57990745
1662125400,295.04832766,296.42432204,286.44104364,288.05124983,64666839
1662471000,288.52943228,289.44676187,283.8549549,285.98237884,57005444
1662557400,286.46056129,292.75500368,286.197073,291.75960349,49260381
1662643800,289.6907325,294.58966286,288.32449694,293.27222143,55649821
1662730200,295.5265101,300.18146983,293.27309973,299.68376973,56125215
1662989400,301.05976411,303.57754107,300.7474817,303.24574101,45905737
1663075800,294.52135108,295.71192779,285.72376997,286.6167025,79562172
1663162200,287.75360566,289.76880311,285.99213767,288.89050882,54907198
1663248600,286.97777904,289.37845009,282.47896052,284.07940789,65299411
1663335000,280.7809249,282.73268998,278.73157156,282.34233696,79920391
1663594200,279.70131503,284.69702884,279.64265695,284.54060727,52613831
1663680600,282.0378622,284.56015997,279.97505278,282.27249455,51271117
1663767000,283.11326047,287.37574818,277.08125378,277.21812265,82930963
1663853400,275.69301237,276.69997621,272.57924555,273.80617722,62757073
1663939800,271.34253753,271.63582797,265.93621711,269.34816255,74815189
1664199000,268.87889785,273.23914904,267.4417747,268.23365888,71176694
1664285400,271.59672258,273.94304609,266.02420424,268.34119871,69780115
1664371800,268.32164601,274.95978628,266.8405293,273.67908469,79652140
1664458200,269.69033473,270.0716123,262.82733846,265.78957189,81215957
1664544600,264.96835866,269.03531941,261.12625392,261.28267548,78482378
1664803800,263.05219447,269.00599037,261.54663688,267.41244565,61267449
1664890200,272.75033164,276.52400195,272.75033164,275.8201049,66696931
1664976600,272.05621093,277.46253135,269.26017542,275.67345968,55766318
1665063000,274.67627219,277.82425623,273.18049095,273.50311043,53489411
1665149400,268.8691215,268.99621402,261.75194019,263.08152351,71354674
1665408600,263.27705047,263.66810439,257.74363752,260.45168591,60392990
1665495000,258.77993041,261.64440036,255.19201071,256.87354256,66522509
1665581400,257.50900517,259.42516937,256.09143472,256.78555542,50580179
1665667800,249.45329446,264.12759274,248.57342314,262.80778577,112894068
1665754200,265.13455658,265.73091381,254.32191574,254.90849662,77244302
1666013400,260.87206887,264.19602718,260.77430539,263.32593221,64576452
1666099800,270.34535004,271.0101417,262.72957498,265.40829432,69780995
1666186200,263.89296039,267.55909087,262.07455967,264.44043587,53115405
1666272600,263.55078821,268.69314724,261.92791445,263.09129986,60605496
1666359000,261.98657254,269.79689692,260.85603566,269.26017542,77897694
1666618200,269.52413681,273.1511619,265.88733537,272.22240885,63963569
1666704600,273.16093825,278.23486284,271.68470971,277.85358527,59014494
1666791000,272.2321852,277.62872927,271.22522136,271.71403875,63898246
1666877400,270.59953509,272.05572212,266.24906025,266.76720669,57760302
1666963800,266.14152042,275.39776666,265.9753225,274.93045723,62651312
1667223000,272.6818972,273.50311043,269.81742725,271.73359145,47741952
1667309400,275.1993068,275.76144681,268.59538376,268.95710863,45895897
1667395800,268.92777959,271.9877765,259.66957807,259.73801251,79803142
1667482200,257.1277276,258.58440345,254.28281035,254.66408792,70038903
1667568600,259.59136729,260.64721287,253.28562286,258.76037771,78313213
1667831400,259.80644694,262.14299411,257.67520309,261.60529497,47333828
1667917800,263.1206289,266.74765399,259.58159094,263.51168282,63213785
1668004200,261.77149288,262.55360072,257.1472803,257.43079439,64862129
1668090600,269.83697995,276.71952891,267.72528879,276.42623847,99256693
1668177000,276.24048786,282.18450742,274.90112819,281.51971575,66961751
1668436200,279.46668268,282.74664742,278.07844127,279.05607607,55080048
1668522600,285.67466364,286.70118017,279.57422251,282.91773351,73985372
1668609000,280.96246392,283.00943566,278.23486284,279.05607607,48859804
1668695400,274.5980614,279.91531929,274.44163983,278.44016615,55462076
1668781800,281.45128132,281.5490448,276.00693091,278.4499425,53588631
1669041000,277.06170109,278.21531015,274.75448297,275.58547255,40083527
1669127400,276.31869864,279.71109138,274.18745479,279.55466982,41873444
1669213800,279.57422251,282.98616795,279.39824825,282.36048168,46389967
1669386600,280.76693696,281.47083402,280.01415817,280.50297557,15498797
1669645800,278.52815328,280.54208096,275.45838002,276.38713308,38877045
1669732200,276.61198908,277.01281935,272.9263059,274.29499462,35618878
1669818600,274.55895601,286.90648348,273.70841374,286.79894365,74718088
1669905000,287.12156313,289.13549081,284.37440936,287.15089218,51547332
1669991400,282.08674394,286.88693078,281.91076967,286.00705947,53583172
1670250600,283.88559196,285.15651719,279.75019677,281.20687262,41482121
1670337000,281.05045105,281.18731992,273.98703965,275.38016924,53937605
1670423400,274.19723114,276.25026421,272.54512609,274.25588922,45614254
1670509800,275.60502524,278.46949519,273.53243947,277.50163674,42594913
1670596200,276.48489656,279.25160303,275.29218211,275.73211776,47860487
1670855400,275.90809203,279.25160303,274.87179914,279.19294494,35732518
1670941800,290.01536213,290.23532996,279.51556442,282.19428376,80667675
1671028200,281.60770289,284.8925558,276.85639778,280.1021453,64984432
1671114600,276.01563186,276.68042352,269.50458412,270.69729857,60554119
1671201000,270.02273056,271.55761719,266.51302164,268.11634271,68300351
1671460200,268.38623897,268.47443688,263.11396393,264.34873466,44167920
1671546600,263.1825623,265.8872982,261.6047997,264.14293954,51064199
1671633000,265.18171492,269.27801783,264.33893489,267.97464872,46394694
1671719400,264.96612003,265.0983189,257.1998041,261.41860411,60278377
1671805800,260.15443407,262.67297438,258.25327913,262.00659017,39373584
1672151400,261.39900457,261.50680202,257.76329074,258.30227797,38009005
1672237800,257.90048749,260.15443407,254.52936739,254.8919588,47139043
1672324200,257.69469237,262.05068913,256.99890886,261.10501154,45893567
1672410600,258.34147704,261.07561224,257.03810793,260.94821526,37858277
1672756200,263.27076021,264.74562526,256.88131165,259.18425707,42335325
1672842600,261.3010069,262.09478808,257.27330236,260.4190278,47754861
1672929000,258.75306729,258.91966334,256.02873186,256.34232442,45396744
1673015400,258.07688331,264.53493025,255.12715322,263.41775673,54659739
1673274600,265.40710958,269.77780599,264.51533071,265.12291631,45568676
1673361000,264.0939407,267.47486057,263.58435278,267.36706313,35247763
1673447400,268.43523781,272.10035094,267.65125639,271.9925535,44077036
1673533800,272.55114026,274.49149427,268.25884199,273.46251866,60599953
1673620200,270.96357788,275.58808828,270.63038578,275.34407406,44802936
1673965800,275.14807871,277.1864304,273.98288632,275.90266082,36269738
1674052200,277.44122436,278.98958766,272.11015071,272.31594583,47754549
1674138600,270.68918439,271.82105756,268.40583851,269.64060924,44150436
1674225000,271.24777115,277.35302645,270.18939623,277.01983434,60613606
1674484200,277.86261437,284.39905945,277.06883318,283.17408848,52799905
1674570600,281.55712681,283.75227478,281.03773912,282.59590219,44875146
1674657000,278.08800903,282.58610242,275.54986918,281.96871705,50872022
1674743400,285.38883599,287.64278257,282.74191873,287.46638675,51596335
1674829800,286.15321787,292.28787248,286.03562066,290.32791893,56441939
1675089000,287.06459627,288.48556259,284.08546688,284.45785806,49405833
1675175400,284.49705713,288.8187547,284.38925968,288.72075702,46705106
1675261800,288.5149619,297.3543524,286.44721091,294.89461069,67562173
1675348200,301.41145624,307.39911432,300.58827575,305.47835985,83070628
1675434600,298.83411732,306.13494429,298.44212661,300.04928852,76170804
1675693800,297.43275054,299.78469479,296.1685805,297.51114868,40802348
1675780200,297.3837517,304.80217587,296.26657818,303.67520258,67583981
1675866600,302.36203371,303.30281141,297.58954682,298.27553056,56720860
1675953000,302.65602674,302.80302326,294.18902742,295.63939304,49137818
1676039400,293.48344414,295.5315956,291.29809594,293.69903903,50050104
1676298600,295.10040582,298.99091361,293.92443369,298.40292754,39636720
1676385000,296.82516494,301.55845275,294.88481093,300.60787528,64079057
1676471400,298.79491825,303.07741675,298.10893451,302.9108207,43427298
1676557800,298.28533033,302.25423626,297.0799589,297.22695541,59498630
1676644200,295.04160721,295.88438724,292.13107619,295.12980512,58230729
1676989800,291.3078957,292.74846156,288.00537398,288.14257072,46526708
1677076200,288.72075702,290.42581861,286.70200487,288.35816561,51389237
1677162600,292.00367921,292.1604755,286.6922051,290.87670592,69294443
1677249000,285.91802345,287.10379534,284.24226317,286.00622136,74331958
1677508200,289.16174657,290.55331359,287.46638675,288.05437281,48995009
1677594600,287.42718768,290.19464209,287.09399558,287.68198164,48243141
1677681000,287.38798861,288.04457305,284.38925968,285.36923646,58286972
1677767400,282.88009545,288.53456143,282.59590219,287.73098048,53738557
1677853800,289.47533914,293.91463392,288.96575121,293.67943949,60511540
1678113000,294.91421023,297.91293916,293.81663624,294.0126316,56736294
1678199400,294.06163044,294.9828086,289.79873147,290.40631707,65955756
1678285800,290.82770708,292.45446853,288.97555098,291.8566827,50876265
1678372200,292.35647085,294.9534093,285.98652382,286.80000254,71456691
1678458600,286.9665986,288.45616329,281.62572518,282.77229801,98593561
1678714200,280.98874028,288.5737605,279.47957605,284.8694483,97123603
1678800600,288.41696422,291.96448014,287.5741842,291.41569315,73602545
1678887000,288.80895493,293.27764902,287.36838907,292.94445691,83631535
1678973400,292.03307852,301.0292653,291.23929733,300.66667389,98556824
1679059800,300.57847598,302.95981954,297.29555379,299.24570757,89923732
1679319000,298.62955477,300.6318038,296.42119186,300.30791057,56359491
1679405400,302.24145499,305.04852962,300.72504579,304.59704209,49757048
1679491800,304.52833746,309.4161807,300.28828068,300.45513477,75791914
1679578200,304.18481435,308.33653661,301.32866499,304.01796026,74575981
1679664600,303.59591757,305.23501359,301.26977531,305.13686413,57245803
1679923800,305.83372532,306.9133694,302.19238026,303.04628058,50287407
1680010200,302.46719875,302.49664359,299.134043,301.43662939,48585917
1680096600,305.12704919,307.55134091,304.31240865,306.9329993,53274266
1680183000,309.40636575,310.46637995,307.02015602,309.83822339,58354808
1680269400,310.06396715,315.22662888,309.75970382,314.99107017,62138097
1680528600,312.87104178,314.49050791,311.54612219,314.22550436,47126839
1680615000,314.66717695,315.67811641,311.94362751,313.16549017,45875384
1680701400,312.21344038,313.15567522,308.25801704,310.0737821,62795706
1680787800,308.42487113,312.65511296,307.03114876,312.16436565,46916496
1681133400,309.23951167,312.03677135,307.45319145,311.98769662,45134736
1681219800,311.94843683,312.00732651,309.47507038,309.98544758,40113594
1681306200,311.93862189,312.52751866,306.78086763,307.24707758,62813305
1681392600,309.00395296,313.73475705,307.82615941,313.26363963,54613792
1681479000,311.71287812,314.43161824,309.76951876,312.67474286,56278284
1681738200,312.26251511,313.29298632,310.19156145,312.93974641,43007023
1681824600,315.04995985,315.47200254,311.76195285,312.9593763,46746940
1681911000,310.55471447,313.8721663,310.42712016,312.8121521,38960127
1681997400,309.84803833,313.36178909,309.1413622,310.42712016,62462142
1682083800,310.06396715,311.52639414,308.28746188,310.75101339,59002285
1682343000,310.52526963,311.85921897,307.93412382,310.10322694,44043063
1682429400,308.47394586,309.1413622,304.15536951,304.25351897,57121644
1682515800,307.63967543,309.10700989,305.57853671,306.09872887,55400496
1682602200,309.85785328,314.92236555,309.21988177,314.42180329,65430392
1682688600,314.18624458,316.67924093,313.05752576,316.59090641,59712635
1682947800,316.12960394,317.64110566,315.14810931,316.2277534,41013386
1683034200,316.15904878,316.482942,311.73250802,313.4697535,56519407
1683120600,313.83290651,316.5025719,311.31046533,311.41842974,59882070
1683207000,311.19268597,312.34103468,309.28367893,310.31915576,50224520
1683293400,312.57659339,317.76869996,310.35998593,316.91479964,51806098
1683552600,316.45349716,318.04351846,315.3689456,317.69999534,36465796
1683639000,316.04126942,316.90498469,315.37385308,315.68793136,31768800
1683725400,318.12203803,319.97706287,315.64867157,319.12316255,60446623
1683811800,319.67279954,320.70336889,318.12203803,320.16354685,44278548
1683898200,320.69355395,321.11559664,316.96387437,319.01519814,48432836
1684157400,319.48631556,320.97818739,317.96499889,320.74262868,33375559
1684243800,320.0261376,322.81603607,319.98687782,321.10578169,40019151
1684330200,322.16579589,325.57158224,320.98800233,324.99250041,47486124
1684416600,325.38509826,331.24462117,325.36546836,331.02869235,64213466
1684503000,331.24462117,331.94638983,329.22274224,330.28275644,61554926
1684762200,330.02756784,332.40278483,330.01775289,331.39184537,43015948
1684848600,329.67422977,330.82257848,326.8377103,327.19104837,48216663
1684935000,325.23787406,326.74446831,323.46136879,325.51269256,62891169
1685021400,332.8640873,334.69948225,330.43488811,333.43335419,66862773
1685107800,334.4541086,342.78209049,334.35595913,341.95272754,63006952
1685453400,346.18296937,347.38039282,342.08032184,343.50348904,72652156
1685539800,341.9232827,344.11201571,340.09770269,341.55031474,65105378
1685626200,341.29512614,346.82094088,340.24492689,345.49592313,50488601
1685712600,347.25279851,349.2452326,345.49592313,348.08706895,53372113
1685971800,347.87114013,350.87942116,347.30187325,348.3324426,47266228
1686058200,347.72391593,349.23541766,346.39889819,348.27355292,41390400
1686144600,348.55818637,350.51136067,341.73679872,342.36495528,69225936
1686231000,342.65940367,347.07612948,342.4336599,346.61482701,47153922
1686317400,348.06743905,351.04136777,346.49704765,347.93984475,53196927
1686576600,349.59857067,353.91714702,348.62689099,353.81899756,44817646
1686663000,356.56718251,357.3720081,353.36751003,356.53773767,57097804
1686749400,356.54755262,359.41351692,353.75029294,359.12888348,69525642
1686835800,357.86275542,364.89025693,357.2444138,363.40820005,71138823
1686922200,365.82267683,365.95027113,360.67964499,361.12131757,80931971
1687267800,359.67059543,361.99992816,357.64584507,360.6042942,49204722
1687354200,359.46419886,359.89664882,354.76621978,355.69009014,53378256
1687440600,354.44188231,360.04407494,354.03891758,359.88682041,47603043
1687527000,355.99477079,358.61895576,354.63127573,356.31910826,48922911
1687786200,355.78837422,358.57964213,351.45404624,351.54250191,52685478
1687872600,353.08556199,358.31427511,352.35825979,357.58697291,49428091
1687959000,355.76871741,360.2308147,355.69382494,358.28478989,46498031
1688045400,357.98993764,358.62878417,355.92597194,357.56731609,46150967
1688131800,361.24314073,364.13269272,360.92863167,363.08105305,58712501
1688391000,363.71989958,364.56514268,362.63877469,363.93612456,19432862
1688563800,362.36849346,365.62661076,362.33409403,363.92629615,34460883
1688650200,360.22098629,361.59696343,358.26513307,361.15468506,49374728
1688736600,360.92863167,364.12286431,359.72956588,359.95561927,47133749
1688995800,359.68042384,360.75172033,357.17417977,360.07356017,48498800
1689082200,360.49618171,362.30657449,358.36341715,361.85250204,38214146
1689168600,365.95094823,367.76920373,363.94595297,366.42271182,61703696
1689255000,369.59728764,373.46968044,369.01741156,372.64409416,46960012
1689341400,373.07162991,376.29043358,371.69073857,372.5654669,55148500
1689600600,373.28294069,376.9194517,372.80134869,376.04472337,40868915
1689687000,375.40587684,380.48716385,373.47950885,379.12101512,55343438
1689773400,380.18248319,381.32257854,377.70572435,379.03255944,54092958
1689859800,376.04472337,377.50424198,369.27295017,370.29510462,71941674
1689946200,372.67357939,373.40088159,368.75302738,369.1844945,60499643
1690205400,370.1575069,371.10103408,367.91662985,369.77419899,40380056
1690291800,370.48184437,373.94144403,370.46218756,372.28044306,38894384
1690378200,371.2386318,372.73254983,368.74221613,371.04206364,47075710
1690464600,376.49683015,378.10868908,368.86998544,370.1575069,63940225
1690551000,374.20681105,377.92194933,373.69573383,376.89979488,56902926
1690810200,377.20447553,378.27577202,375.77935635,377.09636304,44019905
1690896600,375.74987113,376.97842215,374.15766901,376.22163472,41308457
1690983000,372.75220665,372.75220665,366.72739247,367.96577189,72687107
1691069400,365.5578119,369.49900356,365.39072896,367.3760674,47855381
1691155800,369.3024354,371.61211131,365.15484717,365.65609598,61702759
1691415000,367.46452308,368.85032862,365.13519035,368.75204454,37230444
1691501400,366.24580047,366.26545729,362.49134856,365.61678235,44726453
1691587800,365.90180619,366.05906072,360.840176,361.59696343,51150900
1691674200,364.60445631,367.93628667,360.73697771,362.26529518,72035265
1691760600,359.70990906,361.6854191,358.43221601,359.95561927,48707187
1692019800,359.15951821,364.11303591,358.44204442,363.99509501,42130802
1692106200,363.0220826,363.81720082,359.46419886,360.13253061,45539891
1692192600,359.59196817,361.12519984,356.22082418,356.31910826,53190525
1692279000,357.71474221,358.0587365,352.0142655,352.42705864,62604338
1692365400,349.16402714,353.24281652,348.6234647,351.98478028,61191389
1692624600,353.44921309,358.33393193,352.98727791,357.65577177,50696518
1692711000,360.26029992,360.27012833,356.45670597,357.14469454,44613509
1692797400,358.32410352,363.8673257,358.10787854,362.7763724,51770603
1692883800,366.24580047,366.34408455,354.81536182,355.02175839,66842491
1692970200,355.85717308,359.46419886,352.42705864,357.77371266,69960465
1693229400,360.69274988,361.40039526,357.99976605,360.46669649,40910019
1693315800,360.27012833,368.69307409,359.9467737,368.3392514,58492371
1693402200,368.44736389,370.9700214,367.44486626,370.3933887,41731511
1693488600,370.47201596,373.20333058,370.40321711,371.50399882,35730701
1693575000,373.87264518,374.29526673,369.62687115,371.11086249,39801177
1693920600,370.30493303,372.8006607,369.38106266,371.58262608,32344222
1694007000,370.80618184,371.15017613,366.30477092,368.30976618,42998735
1694093400,363.85749729,366.45219704,362.81568603,365.6757528,52060716
1694179800,365.62661076,368.41787867,365.22364602,366.18683002,35847359
1694439000,369.21397972,371.01257841,367.2482981,370.50150119,39936634
1694525400,368.83067181,370.4835152,366.10820276,366.39322659,41391024
1694611800,366.62910839,369.39089107,365.49884145,367.78886055,46300677
1694698200,369.53831719,371.77919425,367.47435149,370.79635343,48039388
1694784600,369.45968993,369.86265466,363.51350301,364.44720178,69811206
1695043800,363.50777234,365.93890035,363.22233626,364.8266839,36903545
1695130200,363.50777234,364.84892822,361.02743121,364.04911664,37621734
1695216600,365.11211998,365.46645442,358.7242573,358.80299829,45514189
1695303000,355.12185709,355.90926697,352.06080117,352.22812577,69734845
1695389400,353.97027014,356.10611944,351.96237494,352.27733889,51589689
1695648600,351.31276178,354.0391685,350.32849943,353.95058489,39167985
1695735000,351.37181752,351.91316182,347.65140426,348.63556818,53657748
1695821400,349.78715514,351.3619749,345.83042048,349.45250594,56065972
1695907800,348.53714195,354.50177181,347.6808337,352.37576513,56453312
1695994200,355.85021123,357.23802115,351.4013454,352.63167334,64829616
1696253400,352.89742417,356.97227032,352.28718151,355.57461777,51625054
1696339800,353.13364714,355.32855219,347.71528288,349.33439445,60478489
1696426200,350.17101745,354.93484724,349.70841415,354.08838162,54786686
1696512600,354.078539,354.48208656,349.55093217,353.04506353,45897390
1696599000,350.05290597,360.15143772,349.26549609,358.96048027,75049119
1696858200,356.59825062,361.33255254,355.10217184,360.79120825,45304766
1696944600,361.12585745,365.43692655,360.62388365,362.78926082,46968806
1697031000,364.118015,365.56684918,362.39555588,365.37787081,38215088
1697117400,365.87984461,367.85821194,361.71641486,364.10817238,49587942
1697203800,364.73810028,365.31881507,358.13369989,359.53135243,52519876
1697463000,360.85026399,364.64951667,360.70262463,363.59635595,44201059
1697549400,360.05301148,364.09832975,357.93684742,362.40539851,50999102
1697635800,359.91521475,362.11996242,356.32265716,357.65141134,54280490
1697722200,359.06874913,360.25970658,353.50766683,354.30491934,72274238
1697808600,353.80294554,354.3738177,348.79305016,349.0194305,72559723
1698067800,347.70051895,353.60609307,345.59409908,350.07259122,60665185
1698154200,351.88363395,354.2458636,350.1907027,353.47813896,47082078
1698240600,351.08638144,351.26354867,344.24575809,344.82647287,71190536
1698327000,343.6256728,344.56072204,336.96221667,338.25160035,78621425
1698413400,340.97800707,343.35007934,338.66499054,339.87563324,63476707
1698672600,342.35597437,345.02332535,340.99769232,343.70441379,55298536
1698759000,343.73394166,345.72215162,341.16501692,345.34813192,47671906
1698845400,346.18475492,351.90312234,346.08632869,351.34228965,58992666
1698931800,355.85021123,357.95653267,354.62972591,357.7203097,58162442
1699018200,359.00969339,363.21249364,358.78331305,361.92310995,53280457
1699281000,362.69083459,363.96053302,361.13570007,363.39950348,38848743
1699367400,364.44282158,367.70072997,363.23710019,366.8345791,50777398
1699453800,367.20859879,367.90742506,364.7873134,367.07080206,35663373
1699540200,367.75978571,368.90153004,363.75383793,364.24596911,53859421
1699626600,365.96842822,372.58267124,365.43692655,372.43503189,58368439
1699885800,370.86021212,372.32676303,369.33460547,371.27360231,40733505
1699972200,377.67130761,380.18117661,377.14964856,379.26581262,67792634
1700058600,381.15559634,381.64772751,378.18804534,379.5512487,54141385
1700145000,378.78352407,380.11227824,377.52366825,379.87605528,45343544
1700231400,379.14770114,380.97842911,378.24217977,379.96463889,46622745
1700490600,379.97448151,385.25012773,379.97448151,384.59067195,44536669
1700577000,382.88789808,383.1044358,380.61425204,382.35639641,43336989
1700663400,384.42334735,386.88400323,382.91742595,383.92137355,44178572
1700836200,383.51782599,384.1083834,382.38592428,383.38002926,15718832
1701095400,382.88789808,384.99412109,382.16938656,383.04538006,34139656
1701181800,382.29734067,384.63004244,381.94300622,384.04932766,35491123
1701268200,386.50998354,387.93716395,383.33081614,383.67530796,38811745
1701354600,383.9410588,384.4036621,379.74810117,382.71073086,52834381
1701441000,381.64772751,384.39381948,379.99672584,383.80326207,40490068
1701700200,380.01385201,380.5109045,376.63783214,380.24023235,51186944
1701786600,378.34060601,382.38592428,378.16343878,381.19496683,42932956
1701873000,384.12806864,384.22649488,378.64572734,378.99021916,41994072
1701959400,381.96269147,385.112331,380.87016025,384.28555062,49593545
1702045800,382.55324888,386.44108517,382.36633746,385.99816712,46687525
1702305000,385.5749343,389.56119683,385.36823921,389.295446,41198021
1702391400,389.33481649,392.51398389,388.20291479,392.39587241,39221152
1702477800,393.33092165,397.9963252,392.56309859,397.38608254,55408129
1702564200,398.60656786,399.90579417,394.03959054,397.04159072,55447808
1702650600,397.81915798,400.14191871,397.21875794,398.96090231,62896645
1702909800,399.35367796,402.37153846,399.02822241,401.47407014,46609985
1702996200,401.92773545,403.64377378,401.73542081,403.52542631,35711855
1703082600,402.72658088,404.81728757,397.35163324,397.52915445,54042443
1703169000,401.45434557,402.5194728,398.90001265,402.1545681,45568914
1703255400,403.36762968,404.32427173,400.88105069,402.75616774,34314003
1703601000,403.61418691,405.89237572,403.51556402,405.22174005,22722545
1703687400,405.50379127,406.33019211,404.64532115,406.04650227,31980481
1703773800,407.20099658,407.4476834,405.4939238,405.84915282,27029152
1703860200,405.82941787,406.18464689,402.17845297,404.09274268,42662120
1704205800,400.46151272,400.70819953,394.935728,397.25458408,58026946
1704292200,394.62983634,395.68565592,392.61687191,393.05104071,47002803
1704378600,391.18608836,394.29434227,390.8111244,391.0282088,39432797
1704465000,391.19595584,394.26473985,390.10066636,391.49198002,44922810
1704724200,392.71554663,399.86946435,392.56743587,399.58330764,42473796
1704810600,396.58359594,401.3002479,396.38624648,400.37270546,39132860
1704897000,400.68846459,404.08780894,399.80039204,403.08626046,33962774
1704983400,404.35916444,405.75087279,398.88469058,403.92499564,54536198
1705069800,404.96108028,405.79981546,402.74089891,404.13221257,39594952
1705415400,402.89877848,405.67153831,401.43839252,404.09274268,43903027
1705501800,400.78713932,402.18338671,397.58021068,401.81335648,54385974
1705588200,405.07948995,408.09400286,403.73761233,407.51675571,59562505
1705674600,409.71720212,415.75609543,409.1300875,415.59821586,70325123
1705933800,417.79866228,419.09870181,415.53901103,416.14092686,44880639
1706020200,416.83164995,418.08481899,414.99630003,417.86773459,33003806
1706106600,421.77525378,424.15331471,419.69321704,420.18659068,46948016
1706193000,422.68306127,423.35404942,418.36110822,420.69969926,44367205
1706279400,418.81501197,420.56155464,417.54210799,418.19336119,37137028
1706538600,418.64726493,422.6731938,417.99601173,422.47584435,38694724
1706625000,421.43975971,422.01207313,418.75580713,419.66361462,36738956
1706711400,415.27258926,417.26572008,411.26639534,411.44400985,64010649
1706797800,413.23988988,416.77737885,412.27287756,416.28893895,51008622
1706884200,418.18349372,424.53814614,417.18687897,423.324447,59602435
1707143400,423.38365184,423.91649536,419.36759044,422.77186853,39889209
1707229800,423.91649536,424.5184112,419.58467484,421.92326587,35846134
1707316200,424.70589318,427.09382158,423.40338678,426.26495387,37712661
1707402600,426.38336354,427.81414709,425.70250792,427.05435169,29889892
1707489000,428.18911105,432.04235915,427.39981191,431.25789506,36943905
1707748200,431.14935286,433.32019686,428.88970161,429.57055723,33203305
1707834600,421.61737422,425.55449583,419.69371041,422.87054326,64491669
1707921000,425.54462836,427.90295434,423.19607118,427.47865301,45092722
1708007400,428.1693761,429.21532821,425.61370067,428.75155699,38796137
1708093800,429.12652096,429.22519568,424.15331471,424.86377274,53716475
1708439400,422.87054326,424.38026658,417.88746953,421.65684411,53999452
1708525800,418.92355417,420.05831353,416.04225214,419.96950628,50179697
1708612200,428.73182205,433.30046192,427.96215918,432.26437728,53887751
1708698600,433.82343797,434.75098041,430.0145935,430.9914733,39853861
1708957800,431.80060606,432.78735334,430.57210571,430.76452143,33043238
1709044200,431.86967837,432.1854375,429.25973184,431.80060606,33713220
1709130600,429.65936448,430.8829311,428.54434007,429.50148492,32938821
1709217000,432.42225684,434.25760677,429.2547981,433.18205224,42495152
1709303400,434.07012479,440.66159656,434.01091995,439.70445171,43853029
1709562600,439.70445171,440.12875304,437.88883673,438.13552355,34325687
1709649000,435.09634195,435.10620942,427.90295434,430.27114779,57917135
1709735400,434.48455864,436.13242659,431.1000155,432.97483532,46234460
1709821800,436.55672791,440.79974118,435.01740217,439.54657215,44526666
1709908200,439.90180116,442.69429594,432.53079904,433.20178719,72095957
1710163800,431.71179881,432.84655817,429.66923196,431.59338914,45859992
1710250200,433.90237775,438.13552355,430.67571417,437.78029453,55300909
1710336600,436.78367979,436.80341473,433.30046192,434.41548633,37928691
1710423000,435.64892042,436.17189648,430.60664186,433.32019686,52195208
1710509400,430.29088274,433.05703136,427.00669179,428.1693761,73069824
1710768600,433.48851156,435.77091409,432.01631252,432.25344525,47323802
1710855000,430.24769758,433.73552482,428.15302513,433.33042307,43004105
1710941400,434.52596725,438.80423693,432.82651602,438.46829889,43653490
1711027800,443.51724994,443.97175434,440.34559968,440.54321028,39345652
1711114200,440.0294227,442.14385621,439.17969709,441.04711734,28253899
1711373400,438.25092723,440.92855097,437.25299365,439.44647141,27789154
1711459800,440.96807309,441.88202216,437.79642283,438.02367503,34142043
1711546200,441.10640052,441.20520582,436.6502813,439.51563512,41359240
1711632600,439.46623247,440.31595808,438.34973253,438.70543162,36839641
1711978200,439.65396255,442.18337834,437.72725911,439.63420149,38728951
1712064600,434.82238317,436.15625477,432.79687443,435.8400778,44259665
1712151000,433.71576376,438.69555109,433.70588323,436.81825031,39949750
1712237400,440.99771468,441.61030757,429.91175954,430.13901174,57267660
1712323800,431.56180812,437.87546707,430.75160463,435.20772385,54744634
1712583000,436.13649371,437.21347153,433.95289649,435.33617075,28144944
1712669400,437.66797593,437.94463078,432.21392313,436.94669721,39521568
1712755800,431.77917979,433.99241861,431.0677816,433.13281246,61502191
1712842200,435.00023271,440.99771468,432.72771071,440.04918376,45474550
1712928600,435.83019727,436.95657774,431.66061343,433.03400716,53664995
1713187800,436.77872819,436.86765296,425.07029963,425.91014472,63453622
1713274200,425.75205623,428.57788793,424.56639258,425.94966684,47618961
1713360600,427.92577293,427.94553399,419.82373797,420.75250783,56880536
1713447000,421.39474231,423.12383514,417.77846817,418.35153894,46549363
1713533400,417.17575582,417.69942393,408.13507047,409.69619428,75230990
1713792600,412.32441538,416.14818065,408.99467662,413.81637547,47807663
1713879000,415.74307891,421.18725117,413.8672602,419.99170699,44384741
1713965400,423.08431301,424.59603417,419.13210084,421.41450337,48440305
1714051800,414.23135775,420.23872025,413.1444994,419.3791141,57392169
1714138200,422.51124225,427.38234375,421.81960512,425.85086154,41874907
1714397400,427.95541452,428.57788793,424.84304743,427.57995436,30022161
1714483800,425.99906949,427.39222428,419.43839729,419.51744153,43665934
1714570200,418.09464515,425.00113592,415.63439307,416.48411869,52251707
1714656600,420.21895919,422.69897233,415.60475148,421.79984406,36559007
1714743000,429.249764,431.26539221,427.45150746,430.27733917,48515252
1715002200,432.07559571,435.07927696,431.30491433,434.99035218,30227200
1715088600,435.43497605,436.68980342,434.32835664,435.0595159,30996094
1715175000,432.44117533,436.20565743,432.32260897,434.8026221,24896723
1715261400,435.06939643,436.32422379,433.22173724,435.75115303,24580121
1715347800,437.25299365,439.00184754,435.23637739,436.77872819,27116566
1715607000,438.68567056,438.78447587,436.37362644,437.78654229,22994192
1715693400,437.36167949,441.13110185,437.17394941,440.60249347,34478321
1715779800,443.07262607,447.73623644,441.56090492,447.48922318,41464651
1715866200,447.3014931,449.25783812,446.41224536,446.58021438,34780412
1715952600,446.70866127,447.31137363,444.16926615,446.36284271,35803719
1716211800,446.58021438,450.13720533,446.38754403,449.47520979,24474226
1716298200,447.6275506,450.54230708,447.42993999,450.354577,23167720
1716384600,450.61147079,451.36239111,447.66707272,450.26565223,25120040
1716471000,455.04782896,455.07747055,446.4520639,448.24014349,40899230
1716557400,449.85066995,453.74359894,448.14864978,452.47889104,29669461
1716903000,453.69419629,454.24750599,451.23394421,454.18822281,26216815
1716989400,450.03840003,452.76542643,449.9000726,450.98693095,29739238
1717075800,450.05816109,450.19648851,444.83136049,446.15535157,30714121
1717162200,446.38260377,447.0742409,437.76184097,445.32538701,55941301
1717421400,449.13927176,450.13720533,442.54895796,447.71647538,32997467
1717507800,447.45958159,450.13226507,445.74145615,448.94166115,23767436
1717594200,452.50853264,458.07127127,448.97920717,457.99222702,33817409
1717680600,458.67398362,458.9901606,456.66823595,457.83413854,21966820
1717767000,457.46855891,460.17582425,456.32241738,457.42903679,25829720
1718026200,456.30265632,459.63239508,456.01612094,459.27669598,20719771
1718112600,458.00210755,462.54715155,456.51014746,462.42858519,22053281
1718199000,466.35115577,470.80727499,465.65951864,468.48535034,34532585
1718285400,472.0126997,472.67469524,468.75212466,471.02464666,25859014
1718371800,470.82703605,473.53430139,470.36265112,473.46513768,23372620
1718631000,473.731912,481.04350452,472.42768198,479.26500904,37054504
1718717400,479.21560639,480.0949736,477.65448258,479.413217,24438565
1718890200,480.60876118,481.02245899,473.89000049,475.71789862,33918683
1718976600,475.44124376,476.77017511,472.9513501,474.44331019,39432913
1719235800,473.21766106,474.94950034,468.9029072,469.04145434,37750969
1719322200,471.1295577,474.70209473,470.18941638,474.405208,29250209
1719408600,473.58382137,475.92922657,473.16817994,475.38493422,22737105
1719495000,475.13752861,478.0866035,474.3260382,476.61206605,26222135
1719581400,477.40376401,482.14405552,473.49475535,474.13800994,34881581
1719840600,475.05835881,477.48293381,471.31263786,476.91884901,24898336
1719927000,475.42451912,481.98571593,475.2958682,481.92633859,26723559
1720013400,481.17422553,486.07285663,481.17422553,485.94420572,18064880
1720186200,486.78538479,491.44650651,486.48849806,491.01107264,28495936
1720445400,491.37723294,492.72806758,490.35792182,492.17882712,22109420
1720531800,493.69294946,494.81122283,491.09024243,492.60436477,25701253
1720618200,494.52423232,498.29469384,493.21793069,497.74050527,28046901
1720704600,497.84936374,498.05718445,485.63247465,486.82496969,49966590
1720791000,487.39895071,494.4351663,486.93382816,489.68497856,37109399
1721050200,491.45640274,495.8107415,488.96255417,491.00117641,31151386
1721136600,492.45592141,493.26741181,488.03230908,491.18920468,25950622
1721223000,483.21284777,483.72586804,476.70113207,476.77040564,56268768
1721309400,480.49138604,480.66951808,471.32748219,474.51406647,49347361
1721395800,474.17759484,476.69123585,469.02166189,470.30817107,42042856
1721655000,476.16673595,478.33400911,472.74937172,477.31469799,40299999
1721741400,476.41414156,479.40280135,475.15732106,475.63233983,23282454
1721827800,468.9029072,469.26906751,457.71027734,458.57124887,58818629
1721914200,458.9077205,463.08392722,450.90167491,453.51427817,59256759
1722000600,457.84882448,461.0947861,454.99871184,458.16550367,39992132
1722259800,460.87706917,463.05423855,456.82456525,459.08585254,28218476
1722346200,461.01561631,461.71923787,449.4370337,452.78195756,41317210
1722432600,463.01465365,467.88359608,461.56980488,466.18144548,44552134
1722519000,466.86428496,470.61495403,451.24804277,454.88985337,56653900
1722605400,446.21086452,448.86305268,439.85748842,444.09307249,66323244
1722864600,420.30254889,437.70011149,419.05562461,430.85192417,87483452
1722951000,432.69262191,442.43050678,430.05032998,434.96875354,63164429
1723037400,441.85652576,444.3404781,429.86230172,430.2581507,54929163
1723123800,436.48287588,444.33058188,432.61345212,443.42012923,47890071
1723210200,442.10393137,447.36872278,440.98565801,445.73584575,33573976
1723469400,446.70567575,449.65475063,443.89970026,446.69577952,27795006
1723555800,451.08970318,458.04674897,450.95115604,457.77955091,40084457
1723642200,458.69989979,460.28260296,453.64292909,457.92799428,34733746
1723728600,463.89541763,469.89252965,463.5193611,469.49668067,38280565
1723815000,467.71536027,471.46602934,466.75542649,470.10035036,38383623
1724074200,470.2388975,476.31517932,468.4575771,476.27559442,23737674
1724160600,475.36514177,477.92826391,473.58382137,475.27607575,29209340
1724247000,476.05787748,479.343424,474.34583065,477.49283003,25658787
1724333400,479.80854655,480.50128226,468.89301098,469.92221832,37739576
1724419800,474.26666086,477.73033942,470.34775597,475.01877392,36061508
1724679000,474.47448157,475.39483044,468.32892618,470.40713332,27452641
1724765400,468.77425628,472.88118943,466.81480384,471.81239719,27510003
1724851800,471.34727464,472.06969903,463.0344461,466.45853976,37372436
1724938200,468.36851108,472.97025545,464.50106656,465.77570027,41081465
1725024600,470.11024658,471.95094433,465.62725691,471.32748219,33466473
1725370200,468.28934128,468.4179922,454.64254672,457.01754163,44985219
1725456600,453.91012715,459.63014489,452.97988205,455.82999469,32505102
1725543000,454.20701388,460.53070131,453.18671314,456.25553235,34452385
1725629400,455.55290041,456.43366439,443.53888392,444.03369514,50624385
1725888600,448.35834523,450.7334391,445.15536093,449.74381665,32981169
1725975000,451.50534461,454.40493837,447.5369586,453.90023093,29680319
1726061400,455.13725898,464.49908732,446.59681728,463.75687048,57842992
1726147800,463.78655916,469.12062414,462.00434809,468.30913373,40175456
1726234200,467.57681312,471.58478403,467.34919996,470.40713332,29111849
1726493400,468.27944506,468.94239314,465.01369099,468.32892618,22585596
1726579800,471.34727464,472.64368005,466.08248323,468.57633179,30084438
1726666200,469.77377495,473.86091565,465.94393609,466.54760578,39909215
1726752600,477.6016885,481.18412175,475.50368891,478.34390533,52782523
1726839000,477.48293381,478.67048074,473.33641576,477.43345268,34577663
1727098200,478.60964468,479.78894994,477.27177736,478.69883583,24842972
1727184600,480.10607404,481.95926803,475.85462902,481.00789572,25952637
1727271000,480.38355764,483.40614676,480.20517533,481.45385149,26549866
1727357400,488.93599833,489.26303256,481.43403123,485.07104831,32020206
1727443800,486.09179152,486.23053331,481.19618815,482.37549342,22851120
1727703000,481.41421098,484.02057471,478.57991429,483.68363035,30330605
1727789400,483.3169556,483.61425945,473.10952349,476.94474313,42735424
1727875800,476.04292145,479.5312866,473.42664759,477.61863185,23744049
1727962200,475.4284935,480.19031013,474.68523388,477.26186723,25337220
1728048600,483.0692024,483.49533791,478.04972243,482.94037073,30744909
1728307800,481.02771597,482.19711111,476.548338,477.76728377,24975119
1728394200,480.30427661,485.58637498,479.49660116,484.90257613,28272017
1728480600,484.60527228,489.29276295,483.56470881,488.71797551,24994950
1728567000,486.43864601,490.02611244,485.13050908,488.16300833,25750446
1728653400,486.3296346,489.94683141,485.76475728,488.9260882,20644497
1728912600,491.31442911,494.34692836,490.80901257,493.0288813,26060145
1728999000,493.35591554,494.01989413,484.28814817,486.43864601,34784506
1729085400,486.76568024,487.27109678,483.18812393,486.49810678,22996776
1729171800,491.97840771,492.02795835,486.77568947,486.83505114,27210658
1729258200,489.61979718,491.11622655,488.86662743,490.02611244,25335030
1729517400,488.81707679,491.77029501,486.89451191,490.96757462,30336549
1729603800,488.30175012,492.9743756,487.54858037,491.50272155,26685841
1729690200,489.15402115,489.80808962,480.69077161,483.97102407,39346565
1729776600,487.68732217,488.56932358,485.04131792,487.89543486,22024930
1729863000,490.69009103,495.78389696,489.98647193,490.86847334,38762143
1730122200,493.98025362,494.03971439,490.65045052,490.94775437,20477778
1730208600,491.26487847,496.84428069,489.41168449,495.66497542,28014059
1730295000,494.90189555,495.85326786,491.43335065,491.91894694,29755960
1730381400,487.95489563,488.00444627,479.40245494,479.50155622,41245248
1730467800,481.13672738,486.34023843,480.83942354,483.04938214,33655757
1730730600,482.44486431,484.98185715,479.90242091,481.64214393,23291580
1730817000,483.22776445,488.45040204,483.13857329,487.78642345,24353615
1730903400,496.06138055,501.85880559,495.11000824,501.03626494,43082198
1730989800,503.83092112,509.70762718,503.77146035,508.92472705,32853120
1731076200,508.42426557,510.28984721,507.80488255,509.51933474,22924483
1731335400,510.73828052,510.94639321,506.32827344,509.22203089,24167479
1731421800,509.15266,510.03466141,505.24806946,508.30038896,25835288
1731508200,507.79497242,510.35178552,505.366991,507.6463205,24567416
1731594600,507.30937614,508.18146743,503.20658304,504.11831484,28679519
1731681000,498.41999108,498.80648608,490.0459327,492.10723938,51461054
1731940200,493.65321939,497.62718082,492.26580143,495.52623363,27192662
1732026600,492.94960028,499.42448168,492.61265592,498.93531775,24523020
1732113000,498.6380139,498.95513801,492.09237418,498.64792403,29565491
1732199400,501.69033341,502.40386265,493.08834207,500.44165725,34526738
1732285800,499.88669007,501.97772713,498.26142903,501.24437764,23826644
1732545000,505.31744036,506.85598777,499.73060555,502.0371879,26375166
1732631400,503.51379701,505.55528343,502.67143611,504.73274279,26557061
1732717800,503.60298817,503.67235906,497.41906813,500.75878135,24957441
1732890600,501.38311943,505.753486,500.76869148,505.1588783,15333968
1733149800,506.41746459,511.62028193,506.03096959,510.65899949,25147165
1733236200,509.3310423,512.50228335,508.75625486,512.22479976,18597900
1733322600,515.64379401,518.81503506,514.93026478,518.55737172,26086222
1733409000,518.60692236,519.33026263,516.73390812,517.12040312,18169632
1733495400,517.78438172,521.9862761,517.65555005,521.74843302,23762611
1733754600,520.82679109,521.61960136,516.53570555,517.68528043,20674405
1733841000,518.91413634,520.65831891,514.49421913,515.9212776,24350040
1733927400,520.28173404,525.841316,519.87541878,525.15751715,32168579
1734013800,522.93764842,524.20614483,521.29256712,521.76825328,23577504
1734100200,525.69266407,528.37444388,522.56116264,525.76203497,28780405
1734359400,528.28911768,534.30456554,528.20983665,533.33337297,31979863
1734445800,531.53963975,532.64957412,529.32968115,530.98467257,28579070
1734532200,530.34051423,532.05486732,510.3815159,511.82839463,54703155
1734618600,516.50597517,517.07075338,509.21212077,509.54906513,46441754
1734705000,505.85258728,520.10335173,504.71292253,513.99871272,60529961
1734964200,515.71062662,519.38328434,512.31589975,519.00609246,29672800
1735050600,520.95160844,526.13303366,520.31633792,526.04369874,17558215
1735223400,524.41581802,527.31423979,522.42067153,525.68635907,19141494
1735309800,522.12288847,522.55963696,514.03311539,518.6983833,33839555
1735569000,511.70048143,515.52203068,508.04767591,511.79974245,34584028
1735655400,513.0802096,513.83459335,506.48927791,507.4521098,29117028
1735828200,510.4994231,512.82213095,501.97290152,506.4594996,36389783
1735914600,509.55644341,515.80532163,508.74250305,514.74779473,29059520
1736173800,520.14759419,524.01877395,518.1722999,520.66375149,36109734
1736260200,521.70599219,522.10303627,509.4869607,511.37292007,36690272
1736346600,511.27365905,513.09996254,506.79698707,511.46225498,30777777
1736519400,507.70026235,507.79952337,500.19612928,503.44196461,40532495
1736778600,497.49622955,502.28061068,496.00731425,501.82400999,31694210
1736865000,504.98051041,506.38505384,497.88334752,501.3475571,33737237
1736951400,509.23880815,514.02318929,507.68041014,512.88168756,34957554
1737037800,515.14483881,515.22414836,509.15939933,509.28843866,28229037
1737124200,518.98624026,520.20050031,509.31682731,517.88444294,51837941
1737469800,520.60419488,522.08318407,516.21685782,520.92183014,23627971
1737556200,525.65658077,529.87517409,525.34887161,527.58224454,33592988
1737642600,525.13049736,528.82300729,524.54485735,528.70389406,23096588
1737729000,529.08108594,529.84539579,524.24707429,525.71613738,19878251
1737988200,507.22380945,514.16215471,506.38009079,510.41008818,60771695
1738074600,511.41262447,519.13513179,507.9980454,517.95392566,33194214
1738161000,518.59912228,518.72816161,513.07901847,516.98116767,26649011
1738247400,519.83988503,522.20726034,514.38052896,519.1847623,27431302
1738333800,523.02616375,527.5899869,517.33850734,518.43037855,38845467
1738593000,509.67555663,517.00062283,507.27343996,514.28126794,40580835
1738679400,514.79742524,521.2295393,514.40038116,520.59426877,26046753
1738765800,517.96385176,523.11549867,516.77271953,522.95668104,21134070
1738852200,523.46291224,525.89480721,521.85617412,525.68635907,19434454
1738938600,526.22236858,528.16788456,518.33111753,519.05572297,29605470
1739197800,523.32394681,526.43786425,522.85742002,525.33894551,20852784
1739284200,522.07325796,526.00399434,521.94421864,524.08825666,19325500
1739370600,518.44030465,525.27938889,518.09289108,524.39596582,25009362
1739457000,526.06355095,532.25743856,525.27938889,531.9398033,28714799
1739543400,532.04402737,534.85807727,531.71150295,534.17317624,17862572
1739889000,535.74150034,536.0095051,532.07876873,535.38416067,20565028
1739975400,534.59007252,536.81351935,532.49566501,535.5330522,19666861
1740061800,534.74889015,535.11615592,528.52522423,533.25997486,26550753
1740148200,534.40147658,534.42132879,521.82510542,522.19237119,47093750
1740407400,523.97906954,525.15928306,515.69077441,516.02826188,39268392
1740493800,515.40291746,515.48232627,505.67533755,509.5266651,48940025
1740580200,511.72033363,515.81981374,507.59107523,510.75750175,34457618
1740666600,514.30112014,515.23407446,496.35472782,496.57310206,52447966
1740753000,496.43413664,505.02021482,493.25778401,504.4147226,47654043
1741012200,507.73996675,509.24873425,489.93253986,493.37689724,44587204
1741098600,490.52810598,500.01745944,484.13073328,491.88798195,67875402
1741185000,492.53317857,499.90827232,487.62968421,498.3002438,46323725
1741271400,490.04172698,494.89559084,482.60707663,484.59229702,57574332
1741357800,483.55998241,489.6347568,476.97897682,488.15576761,54714726
1741613400,479.87739859,480.39355589,465.19669381,469.2366173,76668029
1741699800,468.85942543,475.26672424,463.55888699,468.11496778,68760771
1741786200,475.61910086,477.50506023,468.30356372,473.39565402,46971082
1741872600,472.73060519,472.76048276,462.98317308,464.87905855,46563349
1741959000,470.2292275,477.00875513,469.62373528,476.11540595,43563010
1742218200,476.06577544,482.24973696,474.26915099,479.20242366,41744354
1742304600,475.8672534,476.06577544,468.91898204,471.03324176,39072265
1742391000,473.2864669,481.74350576,471.36080312,477.33631649,40430334
1742477400,473.35594961,480.96926981,472.66112248,475.71836188,36780549
1742563800,470.57664107,478.05099583,469.41032409,477.28668598,42234874
1742823000,484.85738715,488.60510592,481.53712703,487.76012954,34567186
1742909400,488.48581513,490.70263552,487.52154797,490.54358114,26035241
1742995800,489.3904369,490.24535418,479.96646505,481.51724523,35043357
1743082200,479.55888821,483.70414351,477.41165412,478.77355722,33469817
1743168600,476.97425458,477.68005838,465.28375786,466.16849783,46363797
1743427800,459.18998703,467.0830605,454.62711458,466.14861603,53000303
1743514200,464.53819046,470.83077926,461.67521167,469.90627569,41156226
1743600600,463.36516443,476.72573212,463.10670107,473.3358857,49894489
1743687000,453.74237461,457.35092079,447.47960851,447.99653523,70456338
1743773400,435.55053022,437.7673506,420.17196012,420.17196012,117088441
1744032600,406.24476121,440.5209795,400.01181781,421.18593177,161556970
1744119000,435.57041201,440.51938896,407.36808275,413.60102616,101248060
1744205400,413.11392213,465.06505809,412.97474955,463.24587365,142876878
1744291800,450.87939582,452.89739823,430.0730951,443.54301267,108384092
1744378200,442.02205519,453.0962162,438.72167686,451.7144313,52483779
1744637400,461.71497527,462.30148828,449.95489225,454.77622806,43941179
1744723800,455.82996331,459.64726836,453.45408855,455.28321389,35404210
1744810200,446.37616876,449.94495135,435.17277607,441.55483296,48980552
1744896600,444.52716163,445.10373375,438.75149956,441.47530577,44837047
1745242200,435.6399983,436.48497468,425.40087277,430.55025823,44149313
1745328600,436.22651132,444.93473847,435.03360349,441.85305991,52304388
1745415000,455.46215006,460.64135822,450.20341472,451.87348568,55801136
1745501400,453.7821382,464.89606281,453.1359798,464.58789496,45956136
1745587800,464.21014081,470.29397074,462.63947884,469.76710311,38697063
1745847000,470.23432535,472.00181711,463.27569634,469.61798964,33550778
1745933400,467.39122835,473.60856455,466.81465624,472.71954999,30613120
1746019800,464.36919519,474.37968005,459.69697286,472.6599046,46810610
1746106200,480.55297807,484.30069683,477.89875815,478.83320262,43316539
1746192600,483.66447932,488.008652,481.96458567,485.9409451,39218082
1746451800,481.735945,486.13976307,481.23890007,483.05808451,28309490
1746538200,476.72573212,482.18328544,475.36382901,478.56479835,32786310
1746624600,479.23083856,482.92885283,473.96415049,480.44362818,38109864
1746711000,485.64271814,489.78807285,481.30848636,485.40413657,39577592
1746797400,487.3127891,488.63492861,483.32151832,485.08602782,27767416
1747056600,503.99361691,504.88829778,498.5161818,504.84853419,45090616
1747143000,506.1507919,514.33215143,505.41516541,512.54278969,53269573
1747229400,513.71581572,516.15918918,512.70184406,515.61452735,47014516
1747315800,513.46729325,518.84531938,512.12527195,516.18115857,50153275
1747402200,517.58282527,518.61667872,514.04386537,518.42780164,48394603
1747661400,511.20076838,519.4417733,511.20076838,518.92484657,52536154
1747747800,516.39985833,517.85122953,513.60646583,517.19513022,42517561
1747834200,513.21877079,519.90899553,508.21849881,510.00786055,71292831
1747920600,510.62419626,514.65026019,509.27223406,510.96218681,55607169
1748007000,503.18840413,508.81495272,502.59195021,506.23031909,58368075
1748352600,513.09948001,518.62661962,511.54869983,518.13951559,47226323
1748439000,519.09384185,520.58497664,515.32624129,515.84316801,46637175
1748525400,523.21931476,523.36842824,514.26256514,516.85713967,58724069
1748611800,516.37003564,517.60270706,508.90442081,516.04198599,67662836
1748871000,514.18303795,520.35633597,512.92054383,520.1177544,44762817
1748957400,520.46568585,525.61507131,519.60082768,524.18358192,44070330
1749043800,524.88938572,526.70857016,522.86084596,525.64489401,41359322
1749130200,527.04656071,529.8995986,519.57100498,521.68841638,61286623
1749216600,526.86762454,528.65698628,525.08820369,526.78809735,42467021
1749475800,527.00679712,529.2037357,525.88347558,527.56348744,33688671
1749562200,528.03070967,531.73866484,525.76418479,531.05274284,40664795
1749648600,532.45440954,533.60755377,526.97697442,529.26338109,53701033
1749735000,527.95118248,531.48397902,527.70266002,530.50599341,34104887
1749821400,524.56133607,528.72657257,522.62286084,523.84559137,55814443
1750080600,527.36466946,532.20588707,527.31496497,531.13227002,37622051
1750167000,528.56751819,530.17297331,524.78997673,525.95306187,42180866
1750253400,526.96703352,529.40255367,524.28299091,525.86359378,43983522
1750426200,529.11426761,530.40658443,521.77788446,523.71635969,61643519
1750685400,524.2847306,529.61903738,521.13987809,529.10153001,50666146
1750771800,534.31641201,538.10814874,533.69938399,537.19255877,45441982
1750858200,539.46162956,540.70563767,536.79447617,538.56594372,44804168
1750944600,540.74544593,544.04953148,538.92421806,543.60168856,43811432
1751031000,544.63670331,547.35361702,541.93471769,545.46272469,57577147
1751290200,548.61752926,550.15014726,546.37831466,548.99570773,45548742
1751376600,547.09486333,548.07016569,542.04916643,544.36799755,56166736
1751463000,543.54197617,548.35877558,543.50216791,548.15973428,36538281
1751549400,550.52832572,554.52905581,550.52832572,553.55375345,26443524
1751895000,550.86669593,551.68276525,546.94558236,549.38383826,45349323
1751981400,550.72736702,551.35434711,548.45829622,549.69235227,36153258
1752067800,551.82209416,554.9569946,550.4487092,553.58360964,43045534
1752154200,554.2205418,554.62857646,550.10038693,552.78744445,34710913
1752240600,550.6477505,553.12581466,549.40374239,551.54343634,39618635
1752499800,551.33444298,554.27527815,548.98575566,553.54380138,36453314
1752586200,557.5644356,558.11179917,553.9916443,554.05135669,43277661
1752672600,554.60867233,557.52462734,548.91609121,554.61862439,52314711
1752759000,555.34512513,559.61456097,554.53900787,559.10700566,40423778
1752845400,560.42067822,562.01917889,557.29572985,558.56959415,50484704
1753104600,559.39561554,563.3465853,559.36575935,561.46564504,39595214
1753191000,561.59502188,561.64478221,555.93229696,558.55964209,43270647
1753277400,559.64441716,561.14717896,556.89764725,561.1073707,40215259
1753363800,562.42104327,563.52572247,560.59483936,562.30161849,42275541
1753450200,562.22200197,564.97374791,561.56516569,563.65509931,30630813
1753709400,565.01853221,566.31230064,564.15270256,565.4166148,31498739
1753795800,568.0240558,569.36758456,563.81433235,564.54083309,45463317
1753882200,565.45642306,567.88472689,562.34142675,565.29719002,43433777
1753968600,571.78593633,571.87550492,561.16708309,562.30161849,64613590
1754055000,556.15124239,556.34033162,549.03551599,551.22497026,69400789
1754314200,556.37018781,561.60994998,556.27066716,561.39598058,47669751
1754400600,562.67979696,563.84488519,557.04692823,557.58433973,48666640
1754487000,558.42031318,565.03843633,557.94261407,564.60054548,41823677
1754573400,568.92969371,570.57178442,562.40113914,566.51134194,44462972
1754659800,567.71554179,572.01483382,567.41697984,571.7958884,35255472
1754919000,571.93521731,574.035103,568.83017306,570.10403737,33112917
1755005400,572.40296436,577.56808603,569.740787,577.26952409,42271441
1755091800,579.96653367,580.52374979,576.16484488,577.55813397,41209294
1755178200,575.5080086,579.09075196,575.1397822,577.11029105,45425043
1755264600,577.02072247,577.06053073,572.8152784,574.5725145,49480161
1755523800,573.67682866,574.99547726,572.48377512,574.34361701,29830957
1755610200,573.62706834,573.79625344,565.52608751,566.5511502,53752635
1755696600,565.60570403,565.72512881,556.16119445,563.18735226,76781087
1755783000,561.64478221,563.77452409,558.29093634,560.57991126,46436899
1755869400,561.96324828,571.23857276,560.5699592,569.22825565,51502129
1756128600,567.66578147,570.53904212,566.43172542,567.58616495,34044749
1756215000,567.09851377,570.17370182,566.07345108,569.86518781,34103014
1756301400,568.85007719,571.65158346,567.63592527,570.74096952,36927144
1756387800,571.35799754,575.22935078,569.71590683,574.31376081,46787857
1756474200,571.90038508,572.27358751,565.8146974,567.66578147,56030409
1756819800,558.61935448,563.25204069,556.85286296,562.90869445,65876765
1756906200,566.50138987,568.95457387,564.00839762,567.33736333,54230213
1756992600,568.00415167,572.84085521,566.29737254,572.47262881,47526280
1757079000,577.70741494,578.33439503,568.7903648,573.2986502,68342532
1757338200,575.59757719,578.05573721,575.00045329,576.09518043,46371354
1757424600,576.89134562,578.15525786,574.27395256,577.72731907,44007592
1757511000,580.94183603,580.97169223,575.77671435,577.91640831,49307959
1757597400,580.44423279,582.07637143,578.83199828,581.28020624,44745766
1757683800,582.23560447,585.04208677,581.30011037,583.84783898,50745886
1757943000,585.61930653,588.95324827,585.47500159,588.84377556,44360315
1758029400,589.76931759,590.01811922,587.65947984,588.34617231,36942130
1758115800,588.26655579,588.91344001,581.56384009,587.17182866,69384820
1758202200,592.05829252,595.27280948,590.11763986,592.46632718,61069294
1758288600,594.46669222,597.17365387,592.99378662,596.47700933,58196109
1758547800,595.56429505,600.67562244,595.54436784,600.00806116,57154769
1758634200,600.17744238,600.3767144,594.80706136,596.0226207,64635486
1758720600,597.39759766,597.71643289,591.20023774,593.93026446,49850301
1758807000,590.04446001,592.94884974,586.35792758,591.36961896,70920209
1758893400,592.18663426,594.12953648,588.90860948,593.80073764,54337416
1759152600,596.9293084,599.85860714,595.23549621,596.55069156,48332934
1759239000,596.25178353,598.52348459,593.93026446,598.18472215,46533814
1759325400,594.99636978,601.59227374,594.16939089,601.05423928,46899612
1759411800,604.85037132,604.95000733,600.73540404,603.52521236,43765410
1759498200,604.30237325,605.11490493,599.19602766,600.98449407,46482098
1759757400,606.23531188,607.14199958,603.76433879,605.49800539,41962115
1759843800,606.80323714,607.49072562,600.83504005,602.30965302,58209463
1759930200,603.20637713,609.52330025,603.05692311,609.21442862,50629754
1760016600,609.25428302,609.38380984,605.26884256,608.47712213,45550958
1760103000,609.17457421,610.94809522,586.90592565,587.3542877,97614783
1760362200,597.49723367,600.75533124,595.05615139,599.81875274,65872584
1760448600,593.14313997,600.49627761,587.98199457,595.82334868,69203187
1760535000,601.81147297,604.49168167,593.76088324,600.02798836,62805456
1760621400,602.90746909,606.09582146,593.33244839,597.8061053,70981963
1760707800,595.77353067,603.30601314,594.19928169,601.73176416,72024872
1760967000,604.93008013,610.56947838,604.85535312,609.31406463,45761697
1761053400,609.41370064,610.49106483,607.10214518,609.15464701,44538161
1761139800,608.59668535,609.18453782,597.55701528,603.28608594,61478802
1761226200,602.70819707,609.14468341,602.31961662,608.35755892,42844298
1761312600,613.74786714,616.16902222,612.89099744,614.85382687,47632473
1761571800,622.24681892,626.26215018,621.75860247,625.80382453,54098611
1761658200,628.06556199,632.36983769,626.95960226,630.61624389,61195733
1761744600,633.27652539,634.69135676,627.95596238,633.45587021,67422806
1761831000,629.8689738,631.19413275,623.66165028,623.7712499,61628621
1761917400,631.86169403,631.89158483,624.40892037,626.78025744,66305147
1762180200,632.79827254,633.50568822,627.55741833,629.77930139,37154307
1762266600,621.01133238,624.667974,616.20389482,616.99600112,63830768
1762353000,616.23876743,624.31924796,614.96342648,621.01133238,48688484
1762439400,619.52675581,619.77584584,608.07857809,609.44359145,72115128
1762525800,606.09582146,607.72985205,596.49090995,607.52061642,81835388
1762785000,616.66720228,622.0375833,614.64459125,620.96151437,55919931
1762871400,618.31119647,620.45337071,615.27229812,619.30755658,44868841
1762957800,622.56565416,622.58558136,615.56124255,618.81934013,47444384
1763044200,615.29222532,615.87011419,603.8739384,606.18549387,71333634
1763130600,597.36770685,611.11747644,594.99636978,606.64381952,80087291
1763389800,604.09313763,610.25064314,597.68654209,601.46274693,63850367
1763476200,597.43745206,600.11766077,589.18759031,594.13950008,83327279
1763562600,594.89673377,603.95364721,592.42576068,597.68654209,73111487
1763649000,609.39377344,611.79500132,582.62157715,583.53822846,117743195
1763735400,585.33167667,594.80706136,578.62617309,587.92221297,103344155
1763994600,593.11324916,604.47175447,592.99368595,602.9572871,60168149
1764081000,601.31329291,608.03882332,595.1458238,606.67371033,57560867
1764167400,610.28053394,613.94713916,608.1682505,612.03412774,42393598
1764340200,613.86743036,617.06574632,613.17735134,616.99600112,23034394
1764599400,611.39645727,617.18540917,610.29049754,614.92357208,40957588
1764685800,617.20523674,621.47962163,615.34204333,619.73599143,54541834
1764772200,617.36465436,621.94791089,615.78044178,621.25045881,47841627
1764858600,622.65532657,622.66529017,617.28494555,620.67256994,47067751
1764945000,622.10732851,626.63080343,621.43976723,623.20332463,53614169
1765204200,624.92702763,626.55109462,619.4271198,622.00769249,43462406
1765290600,620.74231515,623.59190508,618.73963132,622.77488978,37155999
1765377000,621.57925764,626.91974786,618.72966772,625.32557168,55031384
1765463400,621.54936684,623.50223267,615.47157014,623.30296064,58272844
1765549800,619.81570024,621.27038601,609.13471981,611.38649367,75158726
1765809000,616.11920422,616.16902222,607.10214518,608.31770452,49538197
1765895400,606.04600345,611.27689406,604.70101694,609.52330025,55152819
1765981800,610.82853201,611.41638447,598.09504974,598.22457655,70654327
1766068200,607.58039803,610.69900519,604.7108809,606.89290955,78875824
1766154600,609.72257228,615.37193413,609.64286347,614.80400886,60369829
1766413800,619.88608876,620.18538196,616.31452331,617.75113064,43703101
1766500200,616.74351022,620.94359139,616.32449975,620.64429819,41120445
1766586600,620.52458091,622.80918563,620.25521704,622.46001024,18468707
1766759400,623.18829035,624.04127595,621.67187149,622.42010448,28959778
1767018600,618.63903379,621.31271966,617.27226153,619.40721965,32458308
1767105000,618.37964635,620.71413327,617.75611886,617.97061232,31226754
1767191400,618.19009399,618.49936363,612.60328769,612.86267513,40746527
1767364200,618.59912803,621.38255474,608.71247616,611.67547879,61859163
1767623400,617.86087148,619.34736101,615.26699712,616.53400498,46828359
1767709800,617.77108352,622.55109514,617.08270917,621.95121181,43137520
1767796200,621.5721071,626.46056261,621.09323798,622.5497982,44880339
1767882600,621.56213066,621.95121181,616.34445263,619.00816206,50435941
1767969000,619.9459474,626.41068041,617.60148404,625.17360187,49688734
1768228200,620.84382699,627.36343042,620.79394479,625.69237675,37388651
1768314600,625.79214114,627.98695791,622.2255639,624.76456784,44481380
1768401000,620.77399191,621.98114113,613.11208612,618.0903296,72598700
1768487400,625.12371968,628.51570922,619.28750238,620.31507568,53934892
1768573800,624.02631129,624.6049448,617.42190813,619.79630081,61058094
1768919400,609.09158087,613.60591989,605.61977981,606.62740023,81988898
1769005800,608.03407825,618.95827986,606.43136319,614.82803377,79837881
1769092200,620.88373275,620.99347359,616.32449975,619.29747882,42254757
1769178600,618.26990551,623.92644713,617.19245001,621.25286102,43645825
1769437800,621.74170657,626.1313401,620.65427463,623.98640553,35983008
1769524200,627.42827728,630.55359658,625.86197622,629.64304692,38997212
1769610600,633.96284536,635.1001595,630.32144483,631.72812284,50691691
1769697000,631.15946577,632.17706263,616.8133453,627.94705215,79944047
1769783400,624.23581653,626.77581811,617.83842449,620.40486364,65650714
1770042600,617.24233221,627.0092668,617.20242645,624.66480344,49020292
1770129000,626.81971445,628.49575634,609.52056778,615.06746833,81233969
1770215400,613.57100235,613.65081387,599.0552824,604.32284263,81850748
1770301800,598.79589497,603.38505729,593.35873526,595.6233871,89354492
1770388200,598.77594209,609.96950758,597.35928763,608.21365417,78019338
1770647400,606.10862536,615.00760969,603.64444472,612.87265157,56797557
1770733800,613.85533089,615.56629032,609.57044998,610.02936621,53938859
1770820200,614.92779817,616.06511231,606.25827196,611.66550235,58575101
1770906600,613.26173272,614.3591411,598.15730305,599.22488188,81378903
1770993000,599.01537664,605.05112274,595.01482427,600.50186618,69237547
1771338600,596.96521826,602.52708346,591.9420808,599.88332691,69013763
1771425000,600.69141853,608.33436909,599.3046934,604.36274839,64250668
1771511400,601.38976932,604.38768949,599.33462272,602.04821435,60960839
1771597800,598.70610701,608.91200495,597.81820386,607.37563322,74127323
1771857000,605.17582824,606.57751803,597.63862795,599.99306775,63859111
1771943400,600.98073529,607.55520914,598.31702586,606.43784788,55023732
1772029800,609.63030862,615.37673796,609.56047354,615.22709136,55710653
1772116200,614.13965942,614.13965942,602.55701278,607.80462013,96178870
1772202600,601.5593688,606.88678767,600.77123005,605.85921437,68125197
1772461800,597.44907559,608.48301804,596.58112532,606.65732955,75264644
1772548200,594.92503631,602.5370599,590.47554415,600.16266722,97015532
1772634600,602.7365887,611.43604423,602.00830859,609.31106255,70943888
1772721000,605.9689552,611.31632695,600.84106513,607.47539762,89602407
1772807400,598.89565937,604.57225363,596.92032428,598.33697873,86302307
1773063000,592.82499573,607.83454945,589.9368164,606.32810704,93068170
1773149400,606.34805992,611.84507826,603.99362012,606.33808348,64078867
1773235800,607.51530338,610.98710444,603.60453896,606.25827196,60114800
1773322200,601.33988712,602.71663582,595.64333998,595.85284522,71836629
1773408600,598.31702586,602.1778083,591.17389494,592.32118552,63145490
1773667800,598.62629549,602.4372955,597.69848659,598.96549444,49077155
1773754200,601.71899184,604.47248923,600.45198398,601.88859131,47106607
1773840600,600.07287926,601.73894472,593.15920646,593.49840542,56127962
1773927000,588.12110435,594.396285,585.69682947,591.62283473,75597578
1774013400,589.66745252,589.77719336,577.17694986,580.68865668,91964677
1774272600,589.87137874,594.42637008,585.3163874,587.35414668,89936118
1774359000,584.16765054,587.28422357,581.29081391,583.33856221,57750895
1774445400,588.49289452,590.72044511,585.04668396,587.17434439,60475491
1774531800,581.96007799,583.98784825,572.80015022,573.1597548,81492124
1774618200,570.183028,570.39279734,560.95317713,561.96206775,82702240
1774877400,566.75679548,567.42605956,554.98973452,557.66679083,70602622
1774963800,563.67018951,578.00442761,563.59027738,576.54603126,95877997
1775050200,580.84130818,587.09343336,579.78247248,583.66819974,79435132
1775136600,573.33955709,585.40628854,571.29180879,584.33746382,50941709
1775482200,585.58609083,589.96127988,584.04778235,587.85359749,35108496
1775568600,584.99673888,588.33307026,577.76479111,587.94349863,49948195
1775655000,608.04139902,609.23009194,601.45863741,605.4242768,63085996
1775741400,605.26445255,609.82943291,602.36763788,609.51977341,37837538
1775827800,611.16796106,612.99595101,608.91044342,610.39880682,34038533
1776087000,608.81055326,626.05159505,607.44205806,616.711865,32972110
1776173400,619.53875655,627.90955205,619.41888836,627.90955205,49921081
1776259800,628.38902482,637.12941391,627.5099914,636.69988621,50102386
1776346200,638.50789813,641.47463591,634.55724226,639.76651416,42320581
1776432600,644.8808904,649.2860465,643.36255995,648.13730965,53488871
1776691800,647.32819934,648.0474085,641.81426246,646.07957233,37138511
1776778200,647.69779294,649.48582682,641.50460296,643.62227437,39580523
1776864600,649.43588174,654.61019208,647.80767212,654.39043373,37368402
1776951000,652.83214722,656.19844564,644.81096729,650.70448679,40099827
1777037400,657.7866992,663.78010886,655.8089739,663.15080085,45563050
1777296600,662.67132807,663.70019673,659.96430471,663.50041641,32717030
1777383000,656.68790743,658.91545802,653.09186163,656.82775366,34147916
1777469400,657.90656739,660.99317337,655.86870822,660.84333813,31724860
1777555800,664.61918621,668.16528693,656.83774267,667.00656106,40622226
1777642200,668.42500135,675.22752131,668.06539677,673.40952038,39172607
1777901400,673.9189602,675.98668654,668.16528693,672.14091534,34541990
1777987800,677.21533552,682.02344853,676.76582979,680.86132639,37101063
1778074200,687.02454933,695.16559745,685.72597723,695.00577319,38778492
1778160600,695.81488349,700.469765,691.01016675,694.17668485,43779087
1778247000,699.15121487,710.44879208,698.7316762,710.44879208,44320421
1778506200,709.57974768,713.80510149,708.13134035,712.5065294,36019146
1778592600,707.44209823,709.39994539,695.87481759,706.46317466,45873009
1778679000,709.18018704,715.86283881,704.05582178,713.92496968,40012526
1778765400,713.83506854,721.23692947,713.43550789,718.99938986,33327545
1778851800,709.35998933,714.34450836,704.77503094,708.15131838,51792656
1779111000,710.75845158,711.28786943,698.08239015,705.10466847,49834549
1779197400,699.04133569,705.71399845,694.48634435,700.75944646,46827529
1779283800,704.51531652,712.36668317,703.0169641,712.36668317,36779222
1779370200,708.21125247,716.33232256,705.9936909,713.72518936,36415360
1779456600,717.28127909,721.32683061,715.16360768,716.75186124,33118575
1779802200,725.1626128,730.36689018,723.3645899,729.47786775,34254692
1779888600,732.15492407,732.51452865,724.64318396,728.64877941,35148674
1779975000,728.92847187,735.79092593,725.61211852,734.79202432,32839952
1780061400,737.02956392,740.81540102,734.44240875,737.49904768,37541668
1780320600,736.23044263,744.8309855,735.18159594,741.92418181,33890559
1780407000,741.58455526,745.62011777,738.41803716,745.34042532,30085237
1780493400,746.48916217,747.82769033,740.19608203,743.39256718,40270198
1780579800,734.67215612,742.68214835,731.81529752,739.79652138,40782580
1780666200,729.2581094,730.88631902,703.54638196,704.28556915,99606572
1780925400,717.02156467,722.23583108,712.28677104,715.28347587,47401451
1781011800,722.185886,724.86294231,685.61609806,707.05252661,91932171
1781098200,700.88930367,710.49873716,692.16889262,692.92805784,65334283
1781184600,698.52190686,717.58304727,694.23661895,716.33232256,71798857
1781271000,716.82178435,723.21475466,710.49873716,720.54768736,51236021
1781530200,737.28927834,743.94186317,736.57006918,743.18279784,46710216
1781616600,741.43472002,743.40255619,728.83857072,729.05832907,45348675
1781703000,734.38247466,734.87193644,720.05822557,721.71640224,51669322
1781789400,736.39026689,741.00519233,731.70541834,739.8065104,50154595
1782135000,742.02,745.45,734.39,737.95,43518595
1782221400,715.74,723.61,712.1101,713.65,53354151
1782307800,715.37,719.93,704.45,710.62,52480437
1782394200,725.9,726.83,705.3,716.38,50144089
1782480600,707.13,715.555,702.81,706.52,47081821
1782739800,713.99,724.58,705.172,724.08,44939090
1782826200,724.18,737.62,723.91,736.4,42121829
1782912600,729.19,731.92,724.6,725.17,40803791
1782999000,725.58,730.83,707.56,712.6,51086080
1783344600,719.93,726.08,718.45,722.82,30220428
1783431000,714.17,716.35,704.9,709.43,42483079
1783517400,704.95,712.2599,700.91,711.44,35603179
1783603800,718.33,724.23,715.125,723.28,33654712
1783690200,720.7,726.39,717,725.51,26415898
1783949400,717.72,718.74,710.08,711.74,36552362
1784035800,720.22,722.29,714.34,719.69,29448117
1784122200,723.85,724.36,710.23,717.74,32627583
1784208600,712.01,713.599,702.61,705.94,39402024
1784295000,691.65,702.3,686.76,695.33,54109267
1784554200,702.16,705.8,695.51,696.06,29687558
1784640600,706.57,710.05,702.8,708.97,33728341
1784727000,703.62,709.65,703.62,705.35,23692181
1784813400,694.67,698.66,687.79,691.96,44028575
1784899800,690.41,692.63,682.48,684.23,42876658
1785159000,691.68,692.3,675.945,682.12,42681473
1785245400,676.23,679.4,667.88,675.49,51398741
1785331800,675.505,680.05,661.14,661.73,57233269
1785418200,674.76,685.12,673.3,683.55,66753681
1785504600,692.11,695.77,680.0512,687.99,50540483